date,open,close,high,low,volume
2020-01-02,3.27,3.32,3.38,3.25,215807.91
2020-01-03,3.35,3.43,3.47,3.33,304513.62
2020-01-06,3.51,3.55,3.6,3.44,443302.55
2020-01-07,3.47,3.47,3.49,3.43,226468.57
2020-01-08,3.55,3.48,3.57,3.42,336561.0
2020-01-09,3.38,3.4,3.43,3.36,198550.0
2020-01-10,3.41,3.44,3.44,3.37,122870.87
2020-01-13,3.43,3.41,3.43,3.39,113031.61
2020-01-14,3.41,3.41,3.45,3.38,121254.2
2020-01-15,3.4,3.36,3.41,3.35,95510.54
2020-01-16,3.38,3.31,3.38,3.31,82010.0
2020-01-17,3.32,3.31,3.36,3.31,72090.05
2020-01-20,3.32,3.35,3.35,3.3,81543.17
2020-01-21,3.33,3.32,3.35,3.28,87541.2
2020-01-22,3.29,3.34,3.34,3.27,83389.82
2020-01-23,3.31,3.22,3.32,3.19,82754.54
2020-02-03,2.9,2.9,2.9,2.9,37842.0
2020-02-04,2.61,2.9,2.9,2.61,172972.5
2020-02-05,2.84,2.94,3.03,2.84,110561.51
2020-02-06,2.91,2.95,2.97,2.87,87389.67
2020-02-07,2.95,2.94,2.96,2.88,98846.63
2020-02-10,2.91,2.99,3.0,2.9,93406.89
2020-02-11,2.98,2.97,3.02,2.97,69023.01
2020-02-12,2.98,2.99,3.01,2.95,95765.2
2020-02-13,2.98,2.95,2.99,2.94,68908.04
2020-02-14,2.95,2.92,2.96,2.9,61452.67
2020-02-17,2.94,2.99,3.01,2.92,118210.67
2020-02-18,2.99,3.06,3.07,2.99,111873.0
2020-02-19,3.09,3.1,3.17,3.08,150784.22
2020-02-20,3.11,3.16,3.18,3.09,132502.91
2020-02-21,3.18,3.18,3.23,3.15,149453.22
2020-02-24,3.21,3.16,3.23,3.13,154536.2
2020-02-25,3.08,3.1,3.12,3.02,168228.14
2020-02-26,3.03,3.06,3.1,3.02,120994.09
2020-02-27,3.07,3.08,3.1,3.06,115657.44
2020-02-28,3.02,2.89,3.02,2.88,166136.36
2020-03-02,2.87,2.97,2.98,2.87,112594.24
2020-03-03,2.98,2.96,3.02,2.94,109151.04
2020-03-04,2.98,3.0,3.01,2.96,104778.81
2020-03-05,3.02,3.1,3.1,3.0,139729.74
2020-03-06,3.09,3.11,3.15,3.08,133497.44
2020-03-09,3.11,2.99,3.11,2.98,129836.44
2020-03-10,2.92,3.03,3.03,2.89,123283.07
2020-03-11,3.04,3.04,3.1,3.03,129997.22
2020-03-12,2.99,2.96,3.0,2.94,85182.18
2020-03-13,2.81,2.89,2.92,2.74,116924.18
2020-03-16,2.92,2.81,2.93,2.8,105593.04
2020-03-17,2.8,2.77,2.84,2.66,90587.87
2020-03-18,2.81,2.73,2.81,2.72,70630.2
2020-03-19,2.71,2.74,2.76,2.67,79977.67
2020-03-20,2.77,2.79,2.8,2.73,82374.71
2020-03-23,2.73,2.69,2.74,2.69,56354.0
2020-03-24,2.8,2.78,2.81,2.72,123733.41
2020-03-25,2.87,2.85,2.89,2.81,110688.39
2020-03-26,2.85,2.85,2.9,2.81,112256.27
2020-03-27,2.85,2.87,3.02,2.85,162127.68
2020-03-30,2.81,2.76,2.81,2.73,106086.0
2020-03-31,2.79,2.74,2.81,2.74,80297.68
2020-04-01,2.75,2.78,2.8,2.71,117192.12
2020-04-02,2.72,2.77,2.78,2.71,93786.92
2020-04-03,2.77,2.81,2.85,2.74,136447.74
2020-04-07,2.86,2.92,2.92,2.83,165926.08
2020-04-08,2.9,2.93,2.94,2.86,129406.84
2020-04-09,2.92,2.91,2.94,2.9,89584.0
2020-04-10,2.94,2.84,2.95,2.83,80293.0
2020-04-13,2.84,2.81,2.85,2.79,73029.84
2020-04-14,2.83,2.86,2.87,2.83,78863.27
2020-04-15,2.84,2.77,2.85,2.77,101217.04
2020-04-16,2.76,2.74,2.77,2.73,69179.0
2020-04-17,2.77,2.75,2.77,2.73,62002.0
2020-04-20,2.74,2.74,2.75,2.72,45828.0
2020-04-21,2.73,2.71,2.74,2.69,66000.29
2020-04-22,2.7,2.73,2.74,2.69,49175.13
2020-04-23,2.74,2.73,2.76,2.72,64879.0
2020-04-24,2.72,2.69,2.73,2.68,51345.75
2020-04-27,2.68,2.65,2.69,2.64,41332.0
2020-04-28,2.64,2.55,2.65,2.5,76744.65
2020-04-29,2.57,2.59,2.61,2.53,66446.81
2020-04-30,2.58,2.62,2.64,2.57,54676.0
2020-05-06,2.59,2.65,2.65,2.58,44377.21
2020-05-07,2.64,2.62,2.64,2.61,26795.0
2020-05-08,2.62,2.65,2.65,2.62,46270.21
2020-05-11,2.65,2.64,2.66,2.61,32604.21
2020-05-12,2.62,2.63,2.63,2.6,21335.21
2020-05-13,2.61,2.65,2.65,2.6,35406.27
2020-05-14,2.64,2.64,2.65,2.61,32823.27
2020-05-15,2.63,2.71,2.76,2.62,91636.07
2020-05-18,2.71,2.78,2.84,2.68,164288.67
2020-05-19,2.78,2.98,3.02,2.73,389317.36
2020-05-20,2.96,2.98,3.16,2.9,356638.29
2020-05-21,2.98,2.93,3.01,2.9,204299.34
2020-05-22,2.95,2.87,2.98,2.82,163303.54
2020-05-25,2.86,2.81,2.9,2.81,106423.08
2020-05-26,2.84,2.89,2.9,2.78,149835.58
2020-05-27,2.86,2.86,2.89,2.82,75037.82
2020-05-28,2.89,2.79,2.92,2.79,90692.0
2020-05-29,2.79,2.79,2.84,2.78,71427.0
2020-06-01,2.98,2.87,2.98,2.86,154314.08
2020-06-02,2.89,2.81,2.93,2.81,123765.8
2020-06-03,2.81,2.84,2.9,2.79,144135.13
2020-06-04,2.85,2.9,2.91,2.83,150390.11
2020-06-05,2.88,2.83,2.9,2.82,112825.24
2020-06-08,2.82,2.8,2.85,2.79,80556.0
2020-06-09,2.81,2.82,2.86,2.76,68824.89
2020-06-10,2.81,2.76,2.81,2.74,73972.35
2020-06-11,2.78,2.75,2.8,2.75,61502.1
2020-06-12,2.69,2.72,2.75,2.68,42016.89
2020-06-15,2.72,2.72,2.75,2.66,54836.12
2020-06-16,2.73,2.75,2.76,2.72,42276.94
2020-06-17,2.76,2.79,2.8,2.75,48111.24
2020-06-18,2.82,2.8,2.86,2.78,80275.35
2020-06-19,2.79,2.8,2.86,2.78,55633.38
2020-06-22,2.81,2.77,2.81,2.77,72264.03
2020-06-23,2.77,2.76,2.8,2.75,47153.0
2020-06-24,2.76,2.76,2.79,2.75,41399.2
2020-06-29,2.75,2.72,2.77,2.71,56084.2
2020-06-30,2.76,2.76,2.8,2.73,83016.3
2020-07-01,2.77,2.76,2.78,2.73,71878.49
2020-07-02,2.75,2.8,2.8,2.73,77320.0
2020-07-03,2.81,2.87,2.91,2.8,147445.07
2020-07-06,2.87,2.96,2.99,2.86,195843.37
2020-07-07,2.97,2.96,3.09,2.91,216145.0
2020-07-08,2.96,3.01,3.03,2.93,155500.1
2020-07-09,3.01,3.06,3.23,3.01,281265.11
2020-07-10,3.05,2.97,3.1,2.97,234703.0
2020-07-13,3.0,3.04,3.05,2.97,159335.57
2020-07-14,3.05,3.0,3.09,2.93,186552.4
2020-07-15,3.0,2.9,3.01,2.9,150828.02
2020-07-16,2.94,2.84,3.01,2.84,161425.04
2020-07-17,2.86,2.95,3.02,2.83,179132.0
2020-07-20,2.92,3.02,3.05,2.92,160670.32
2020-07-21,3.02,3.04,3.06,2.99,113546.36
2020-07-22,3.11,3.04,3.15,3.02,150301.0
2020-07-23,3.04,3.15,3.19,2.97,234535.95
2020-07-24,3.17,2.95,3.2,2.95,297805.58
2020-07-27,2.99,3.25,3.25,2.96,355417.24
2020-07-28,3.29,3.24,3.47,3.16,672589.4
2020-07-29,3.19,3.24,3.25,3.15,261171.0
2020-07-30,3.21,3.15,3.24,3.12,211046.53
2020-07-31,3.12,3.18,3.19,3.1,194550.0
2020-08-03,3.18,3.19,3.25,3.16,217708.28
2020-08-04,3.19,3.17,3.22,3.15,126710.0
2020-08-05,3.2,3.21,3.24,3.15,249621.03
2020-08-06,3.19,3.29,3.34,3.17,320904.0
2020-08-07,3.26,3.17,3.29,3.11,217560.16
2020-08-10,3.2,3.19,3.22,3.12,129981.1
2020-08-11,3.19,3.16,3.26,3.15,148922.92
2020-08-12,3.11,3.13,3.14,3.09,127345.13
2020-08-13,3.13,3.16,3.19,3.13,75719.4
2020-08-14,3.16,3.14,3.17,3.1,80309.11
2020-08-17,3.14,3.17,3.18,3.13,95112.04
2020-08-18,3.19,3.19,3.21,3.17,97142.0
2020-08-19,3.19,3.14,3.19,3.11,125223.63
2020-08-20,3.1,3.06,3.12,3.04,116548.52
2020-08-21,3.06,3.05,3.1,3.05,69275.4
2020-08-24,3.05,3.06,3.08,3.0,61251.0
2020-08-25,3.06,3.05,3.08,3.04,99901.0
2020-08-26,3.05,3.0,3.1,3.0,93106.15
2020-08-27,3.02,3.05,3.05,2.99,56193.64
2020-08-28,3.04,3.1,3.1,3.02,65706.08
2020-08-31,3.1,3.05,3.12,3.04,78101.15
2020-09-01,3.05,3.06,3.07,3.02,41987.15
2020-09-02,3.05,3.07,3.09,3.02,59778.87
2020-09-03,3.08,3.06,3.1,3.05,50178.16
2020-09-04,3.05,3.09,3.09,2.99,67757.02
2020-09-07,3.09,3.08,3.19,3.08,156118.19
2020-09-08,3.15,3.18,3.19,3.1,123312.0
2020-09-09,3.15,3.23,3.34,3.12,286722.24
2020-09-10,3.24,3.15,3.26,3.11,144512.67
2020-09-11,3.12,3.23,3.25,3.09,124170.43
2020-09-14,3.24,3.16,3.31,3.15,144569.0
2020-09-15,3.17,3.35,3.44,3.15,382894.05
2020-09-16,3.35,3.32,3.36,3.25,242592.37
2020-09-17,3.31,3.35,3.35,3.27,185872.0
2020-09-18,3.38,3.34,3.38,3.29,130113.28
2020-09-21,3.31,3.34,3.4,3.29,98773.0
2020-09-22,3.29,3.47,3.56,3.26,321314.66
2020-09-23,3.46,3.72,3.79,3.46,570243.65
2020-09-24,3.72,3.69,3.78,3.6,339648.77
2020-09-25,3.66,3.66,3.71,3.56,238626.13
2020-09-28,3.67,3.59,3.85,3.49,241381.02
2020-09-29,3.58,3.42,3.67,3.36,363731.09
2020-09-30,3.43,3.25,3.43,3.13,369567.0
2020-10-09,3.25,3.33,3.54,3.24,326788.43
2020-10-12,3.34,3.66,3.66,3.32,356179.47
2020-10-13,3.59,3.53,3.59,3.45,540952.83
2020-10-14,3.58,3.6,3.72,3.49,385843.64
2020-10-15,3.63,3.54,3.63,3.51,206352.0
2020-10-16,3.53,3.5,3.58,3.48,136818.0
2020-10-19,3.56,3.53,3.58,3.48,116370.37
2020-10-20,3.54,3.54,3.56,3.48,123833.0
2020-10-21,3.54,3.53,3.56,3.47,93441.89
2020-10-22,3.53,3.39,3.53,3.39,129095.89
2020-10-23,3.4,3.52,3.64,3.39,175684.65
2020-10-26,3.56,3.7,3.79,3.53,335991.61
2020-10-27,3.73,3.77,3.81,3.66,221809.61
2020-10-28,3.76,3.77,3.85,3.67,174296.87
2020-10-29,3.72,3.85,3.89,3.68,169633.04
2020-10-30,3.85,3.65,3.86,3.63,195399.0
2020-11-02,3.67,3.63,3.67,3.54,125114.0
2020-11-03,3.63,3.71,3.72,3.57,122028.0
2020-11-04,3.75,3.9,3.97,3.71,338502.69
2020-11-05,3.94,3.89,3.98,3.84,209884.61
2020-11-06,3.89,3.92,3.99,3.84,182407.61
2020-11-09,3.88,4.0,4.02,3.87,182725.0
2020-11-10,4.06,4.1,4.17,3.94,252161.0
2020-11-11,4.11,4.09,4.21,4.06,303666.35
2020-11-12,4.11,4.01,4.16,3.99,170375.0
2020-11-13,4.01,4.03,4.09,3.96,134740.79
2020-11-16,4.08,4.16,4.2,4.04,176589.0
2020-11-17,4.11,4.1,4.2,4.05,167204.0
2020-11-18,4.09,4.05,4.11,3.96,155968.39
2020-11-19,4.01,3.99,4.02,3.93,142074.09
2020-11-20,3.93,4.11,4.18,3.93,152386.04
2020-11-23,4.06,4.05,4.12,4.0,123750.24
2020-11-24,4.01,3.98,4.02,3.92,97322.0
2020-11-25,3.97,3.89,3.97,3.86,96417.0
2020-11-26,3.9,4.01,4.06,3.82,135227.04
2020-11-27,4.01,4.01,4.1,3.93,108140.5
2020-11-30,3.99,3.94,4.03,3.92,84781.0
2020-12-01,3.94,3.97,4.0,3.9,52283.0
2020-12-02,4.0,3.94,4.0,3.92,59288.02
2020-12-03,3.94,3.96,3.99,3.87,56970.0
2020-12-04,3.95,3.96,4.03,3.94,57981.86
2020-12-07,3.96,3.98,4.09,3.96,86743.0
2020-12-08,3.97,3.99,4.07,3.96,80275.0
2020-12-09,3.97,3.88,3.98,3.85,116139.86
2020-12-10,3.87,3.8,3.9,3.75,83140.49
2020-12-11,3.82,3.7,3.82,3.63,104378.89
2020-12-14,3.7,3.67,3.7,3.58,65569.0
2020-12-15,3.63,3.61,3.72,3.48,127348.59
2020-12-16,3.58,3.51,3.66,3.5,76559.08
2020-12-17,3.5,3.53,3.61,3.43,84703.0
2020-12-18,3.53,3.5,3.58,3.46,75399.0
2020-12-21,3.48,3.5,3.53,3.47,56100.52
2020-12-22,3.48,3.36,3.48,3.36,101204.0
2020-12-23,3.36,3.39,3.43,3.36,61528.75
2020-12-24,3.39,3.25,3.39,3.24,110615.0
2020-12-25,3.29,3.34,3.39,3.24,75435.0
2020-12-28,3.39,3.25,3.39,3.25,79126.0
2020-12-29,3.22,3.25,3.33,3.22,59232.0
2020-12-30,3.29,3.29,3.35,3.25,90649.0
2020-12-31,3.29,3.39,3.4,3.29,83909.0
2021-01-04,3.35,3.34,3.39,3.29,99249.1
2021-01-05,3.29,3.25,3.3,3.24,99955.04
2021-01-06,3.24,3.19,3.25,3.14,80508.2
2021-01-07,3.15,3.05,3.19,3.01,95669.45
2021-01-08,3.05,3.14,3.22,3.0,106320.0
2021-01-11,3.14,3.11,3.15,3.02,65653.92
2021-01-12,3.14,3.1,3.14,3.0,67182.68
2021-01-13,3.06,3.1,3.17,2.99,81978.31
2021-01-14,3.09,3.11,3.15,3.04,54767.78
2021-01-15,3.12,3.14,3.15,3.08,52370.45
2021-01-18,3.14,3.2,3.25,3.12,57311.04
2021-01-19,3.21,3.32,3.42,3.2,119373.0
2021-01-20,3.33,3.3,3.35,3.29,57169.0
2021-01-21,3.32,3.23,3.32,3.22,62977.04
2021-01-22,3.23,3.22,3.29,3.2,45083.99
2021-01-25,3.22,3.14,3.22,3.05,74969.8
2021-01-26,3.11,3.18,3.19,3.08,55086.17
2021-01-27,3.16,3.12,3.2,3.1,42686.0
2021-01-28,3.15,3.07,3.15,3.06,45239.0
2021-01-29,3.1,3.04,3.1,3.04,34964.33
2021-02-01,3.05,3.04,3.09,3.0,44359.0
2021-02-02,3.04,3.21,3.21,2.99,77787.04
2021-02-03,3.16,3.18,3.26,3.15,70557.27
2021-02-04,3.18,3.1,3.24,3.08,58493.76
2021-02-05,3.08,3.01,3.11,3.01,63035.61
2021-02-08,3.05,2.97,3.05,2.92,78262.08
2021-02-09,2.95,3.02,3.07,2.93,59776.88
2021-02-10,3.05,3.24,3.28,3.05,137674.7
2021-02-18,3.3,3.24,3.32,3.19,95478.53
2021-02-19,3.24,3.29,3.3,3.23,66565.13
2021-02-22,3.29,3.49,3.54,3.29,185179.02
2021-02-23,3.49,3.49,3.56,3.43,84842.92
2021-02-24,3.5,3.57,3.67,3.47,122724.98
2021-02-25,3.58,3.56,3.6,3.48,87222.0
2021-02-26,3.53,3.67,3.67,3.5,146750.74
2021-03-01,3.67,3.58,3.69,3.53,118994.0
2021-03-02,3.57,3.53,3.64,3.51,73330.0
2021-03-03,3.53,3.56,3.58,3.48,67129.6
2021-03-04,3.56,3.54,3.63,3.51,65843.0
2021-03-05,3.54,3.57,3.59,3.48,52193.61
2021-03-08,3.57,3.63,3.72,3.57,129717.07
2021-03-09,3.63,3.53,3.67,3.5,91887.69
2021-03-10,3.57,3.58,3.62,3.5,70061.06
2021-03-11,3.58,3.63,3.63,3.56,60652.41
2021-03-12,3.62,3.77,3.9,3.58,130411.0
2021-03-15,3.71,3.77,3.82,3.69,77478.0
2021-03-16,3.77,3.87,3.91,3.77,121473.13
2021-03-17,3.87,3.86,3.95,3.83,78129.2
2021-03-18,3.82,3.85,3.89,3.82,53069.0
2021-03-19,3.83,3.87,3.88,3.81,59019.0
2021-03-22,3.82,3.93,3.94,3.82,88779.08
2021-03-23,3.92,3.86,3.92,3.78,89411.67
2021-03-24,3.89,3.83,3.95,3.78,86119.08
2021-03-25,3.83,3.87,3.95,3.82,72052.55
2021-03-26,3.87,4.15,4.25,3.87,323817.02
2021-03-29,4.2,4.25,4.34,4.18,195736.73
2021-03-30,4.33,4.13,4.38,3.94,238196.42
2021-03-31,4.06,4.01,4.11,4.01,107032.74
2021-04-01,4.05,3.91,4.07,3.87,157968.47
2021-04-02,3.96,3.76,3.96,3.69,185768.0
2021-04-06,3.77,3.9,4.06,3.77,218584.0
2021-04-07,3.9,3.87,4.03,3.86,163874.44
2021-04-08,3.88,3.84,3.91,3.82,83664.0
2021-04-09,3.86,3.85,3.91,3.76,84193.43
2021-04-12,3.86,3.75,3.88,3.73,70660.0
2021-04-13,3.72,3.68,3.75,3.63,105837.6
2021-04-14,3.69,3.67,3.77,3.64,114995.72
2021-04-15,3.66,3.66,3.7,3.6,66751.0
2021-04-16,3.68,3.73,3.8,3.68,114347.68
2021-04-19,3.72,3.69,3.76,3.69,95612.46
2021-04-20,3.7,3.67,3.77,3.65,110343.22
2021-04-21,3.67,3.82,3.94,3.58,266952.74
2021-04-22,4.2,4.2,4.2,4.15,280051.16
2021-04-23,4.2,3.87,4.2,3.77,633545.77
2021-04-26,3.72,3.69,3.9,3.68,304206.82
2021-04-27,3.66,3.72,3.78,3.57,216848.76
2021-04-28,3.67,3.94,3.96,3.63,345826.23
2021-04-29,3.87,3.96,4.03,3.83,284278.81
2021-04-30,4.02,4.08,4.21,3.87,398649.63
2021-05-06,4.2,4.49,4.49,4.15,806833.64
2021-05-07,4.49,4.29,4.64,4.26,910324.56
2021-05-10,4.31,4.35,4.43,4.28,525725.19
2021-05-11,4.26,4.51,4.59,4.18,546526.25
2021-05-12,4.39,4.72,4.87,4.38,577025.92
2021-05-13,4.63,4.75,5.04,4.62,712594.52
2021-05-14,4.76,4.58,4.83,4.54,479101.95
2021-05-17,4.47,4.53,4.65,4.43,355586.26
2021-05-18,4.58,4.72,4.78,4.5,463663.24
2021-05-19,4.73,4.59,4.89,4.57,414630.24
2021-05-20,4.58,4.47,4.59,4.39,360652.0
2021-05-21,4.44,4.44,4.5,4.41,190549.0
2021-05-24,4.41,4.39,4.48,4.34,206947.01
2021-05-25,4.4,4.41,4.45,4.27,257957.0
2021-05-26,4.41,4.5,4.68,4.35,355758.0
2021-05-27,4.55,4.46,4.55,4.39,215614.0
2021-05-28,4.44,4.69,4.84,4.43,515343.75
2021-05-31,4.68,4.74,4.79,4.63,367916.0
2021-06-01,4.74,4.7,4.76,4.5,349683.63
2021-06-02,4.68,4.5,4.68,4.45,305062.63
2021-06-03,4.43,4.46,4.55,4.39,175021.0
2021-06-04,4.45,4.35,4.49,4.31,200590.0
2021-06-07,4.36,4.37,4.39,4.24,241721.0
2021-06-08,4.37,4.24,4.38,4.21,179940.03
2021-06-09,4.22,4.25,4.34,4.22,148892.0
2021-06-10,4.27,4.34,4.37,4.24,174407.0
2021-06-11,4.34,4.3,4.37,4.27,131494.0
2021-06-15,4.31,4.26,4.35,4.18,178370.48
2021-06-16,4.24,4.14,4.24,4.08,156857.0
2021-06-17,4.14,4.15,4.19,4.11,90119.83
2021-06-18,4.15,4.12,4.18,4.06,131630.98
2021-06-21,4.11,4.21,4.22,4.07,115820.0
2021-06-22,4.22,4.34,4.46,4.21,206003.0
2021-06-23,4.34,4.36,4.44,4.33,136988.0
2021-06-24,4.39,4.31,4.4,4.28,93262.98
2021-06-25,4.34,4.51,4.51,4.3,237560.59
2021-06-28,4.52,4.51,4.58,4.47,193248.63
2021-06-29,4.51,4.55,4.64,4.48,208377.67
2021-06-30,4.53,4.5,4.58,4.44,137431.92
2021-07-01,4.53,4.43,4.59,4.43,163596.04
2021-07-02,4.43,4.45,4.58,4.43,148868.3
2021-07-05,4.52,4.75,4.78,4.49,396926.88
2021-07-06,4.77,4.77,4.77,4.63,268132.9
2021-07-07,4.75,4.73,4.79,4.68,163777.0
2021-07-08,4.7,4.79,4.81,4.65,261068.87
2021-07-09,4.77,4.73,4.8,4.62,203316.0
2021-07-12,4.73,4.91,5.0,4.66,328701.02
2021-07-13,4.91,4.96,5.01,4.82,166160.0
2021-07-14,4.97,4.98,5.03,4.9,159080.19
2021-07-15,4.94,4.9,4.99,4.77,215233.2
2021-07-16,4.89,4.8,4.94,4.79,229665.0
2021-07-19,4.82,4.79,4.86,4.67,184072.76
2021-07-20,4.8,5.03,5.16,4.79,396671.1
2021-07-21,5.01,5.15,5.24,4.99,336211.8
2021-07-22,5.19,5.15,5.24,5.08,265038.0
2021-07-23,5.14,5.15,5.28,5.08,210670.8
2021-07-26,5.1,5.04,5.16,4.95,185539.8
2021-07-27,5.05,4.79,5.08,4.75,177572.63
2021-07-28,4.73,4.68,4.78,4.38,228715.4
2021-07-29,4.73,5.03,5.1,4.73,240849.04
2021-07-30,5.02,5.11,5.13,4.91,197284.0
2021-08-02,5.15,5.29,5.4,5.02,402641.61
2021-08-03,5.29,5.22,5.49,5.16,301915.5
2021-08-04,5.25,5.2,5.35,5.13,253028.0
2021-08-05,5.16,5.09,5.17,5.05,170076.08
2021-08-06,5.12,5.04,5.15,5.04,140034.01
2021-08-09,5.03,5.01,5.05,4.85,190042.0
2021-08-10,4.97,4.95,4.99,4.87,162600.0
2021-08-11,4.92,4.89,4.97,4.86,135648.0
2021-08-12,4.89,4.91,4.97,4.81,150235.46
2021-08-13,4.89,4.74,4.89,4.73,167090.03
2021-08-16,4.77,4.8,4.9,4.76,122256.69
2021-08-17,4.79,4.68,4.83,4.67,154674.67
2021-08-18,4.68,4.7,4.73,4.62,129529.07
2021-08-19,4.69,4.57,4.78,4.55,191421.08
2021-08-20,4.57,4.56,4.61,4.46,168249.6
2021-08-23,4.54,4.73,4.78,4.54,159171.09
2021-08-24,4.76,4.73,4.81,4.71,104988.0
2021-08-25,4.72,4.69,4.73,4.62,89186.0
2021-08-26,4.7,4.72,4.74,4.61,92236.0
2021-08-27,4.72,4.64,4.72,4.61,98479.0
2021-08-30,4.63,4.72,4.76,4.61,118938.0
2021-08-31,4.71,4.65,4.74,4.55,122875.91
2021-09-01,4.64,4.57,4.65,4.47,143049.95
2021-09-02,4.56,4.61,4.66,4.54,105489.35
2021-09-03,4.63,4.65,4.71,4.54,144894.51
2021-09-06,4.65,4.88,4.91,4.61,230571.0
2021-09-07,4.9,4.92,4.93,4.84,156419.53
2021-09-08,4.91,5.03,5.05,4.89,150722.0
2021-09-09,4.98,5.08,5.09,4.97,145508.0
2021-09-10,5.05,5.04,5.12,4.96,194275.04
2021-09-13,5.01,5.13,5.16,4.93,172469.33
2021-09-14,5.13,5.08,5.19,5.04,140354.29
2021-09-15,5.08,5.1,5.16,4.98,149981.36
2021-09-16,5.07,4.99,5.17,4.98,129257.3
2021-09-17,4.99,4.93,5.01,4.82,110662.02
2021-09-22,4.84,4.9,5.03,4.84,79907.0
2021-09-23,4.89,5.06,5.1,4.89,137080.0
2021-09-24,5.07,4.79,5.09,4.74,134032.0
2021-09-27,4.79,4.49,4.8,4.42,206574.1
2021-09-28,4.49,4.42,4.49,4.26,178321.57
2021-09-29,4.42,4.31,4.45,4.27,110786.05
2021-09-30,4.35,4.44,4.5,4.31,103792.64
2021-10-08,4.51,4.63,4.77,4.5,159145.93
2021-10-11,4.67,4.56,4.76,4.53,150721.4
2021-10-12,4.63,4.7,4.74,4.52,235655.71
2021-10-13,4.72,4.81,4.92,4.6,237048.92
2021-10-14,4.97,5.01,5.05,4.69,341574.91
2021-10-15,4.99,4.83,5.04,4.8,191841.69
2021-10-18,4.83,4.8,4.87,4.74,139304.3
2021-10-19,4.82,4.75,4.83,4.65,130630.57
2021-10-20,4.83,4.61,4.83,4.58,166600.12
2021-10-21,4.62,4.6,4.76,4.56,176725.33
2021-10-22,4.6,4.49,4.61,4.45,116440.29
2021-10-25,4.49,4.41,4.51,4.39,131147.47
2021-10-26,4.43,4.43,4.56,4.42,149137.24
2021-10-27,4.43,4.34,4.49,4.3,126685.16
2021-10-28,4.34,4.37,4.43,4.27,147999.25
2021-10-29,4.35,4.28,4.37,4.21,154824.54
2021-11-01,4.28,4.37,4.43,4.23,134496.69
2021-11-02,4.37,4.15,4.43,4.12,204909.83
2021-11-03,4.13,4.13,4.2,4.06,123433.3
2021-11-04,4.13,4.11,4.16,4.06,102933.26
2021-11-05,4.09,4.13,4.16,4.08,80014.91
2021-11-08,4.13,4.0,4.14,4.0,134446.28
2021-11-09,4.01,4.03,4.05,4.0,72302.62
2021-11-10,4.0,3.94,4.01,3.91,142771.18
2021-11-11,3.94,3.97,4.04,3.93,124635.05
2021-11-12,3.97,4.06,4.06,3.94,124955.29
2021-11-15,4.08,4.07,4.08,4.0,190157.78
2021-11-16,4.06,4.23,4.32,4.05,239513.18
2021-11-17,4.26,4.3,4.36,4.18,172539.08
2021-11-18,4.3,4.29,4.37,4.29,139335.73
2021-11-19,4.27,4.31,4.34,4.19,119233.8
2021-11-22,4.28,4.31,4.37,4.27,120903.23
2021-11-23,4.34,4.31,4.34,4.24,113466.29
2021-11-24,4.31,4.31,4.32,4.24,111738.46
2021-11-25,4.32,4.32,4.36,4.27,114958.26
2021-11-26,4.32,4.33,4.34,4.3,80672.0
2021-11-29,4.28,4.19,4.28,4.18,100077.0
2021-11-30,4.2,4.27,4.32,4.19,93766.99
2021-12-01,4.27,4.37,4.38,4.21,98251.69
2021-12-02,4.42,4.3,4.42,4.28,85350.21
2021-12-03,4.3,4.28,4.32,4.23,62456.34
2021-12-06,4.26,4.22,4.29,4.2,65974.0
2021-12-07,4.19,4.13,4.24,4.11,103493.36
2021-12-08,4.16,4.13,4.19,4.12,62326.88
2021-12-09,4.14,4.17,4.18,4.13,89547.2
2021-12-10,4.17,4.23,4.24,4.13,119981.19
2021-12-13,4.19,4.24,4.25,4.18,79091.8
2021-12-14,4.22,4.16,4.22,4.13,108234.79
2021-12-15,4.14,4.13,4.18,4.12,66640.65
2021-12-16,4.12,4.16,4.19,4.12,93289.2
2021-12-17,4.17,4.08,4.18,4.07,109350.0
2021-12-20,4.1,4.06,4.13,4.01,77097.07
2021-12-21,4.04,4.31,4.38,4.04,304176.34
2021-12-22,4.31,4.25,4.34,4.23,126098.12
2021-12-23,4.24,4.24,4.28,4.19,100089.92
2021-12-24,4.21,4.28,4.3,4.14,167508.24
2021-12-27,4.29,4.39,4.46,4.22,239896.99
2021-12-28,4.41,4.54,4.67,4.4,271094.63
2021-12-29,4.5,4.99,4.99,4.44,834668.26
2021-12-30,4.81,4.83,5.17,4.72,777173.99
2021-12-31,4.86,4.73,4.86,4.7,340899.91
2022-01-04,4.68,4.94,5.01,4.65,422380.64
2022-01-05,4.9,5.44,5.44,4.87,879625.35
2022-01-06,5.46,5.24,5.58,5.18,646689.71
2022-01-07,5.36,5.16,5.36,5.03,539702.56
2022-01-10,5.08,5.16,5.33,5.05,360652.2
2022-01-11,5.17,5.18,5.3,5.11,240597.28
2022-01-12,5.16,5.26,5.32,5.06,271260.93
2022-01-13,5.28,5.1,5.37,5.04,283344.94
2022-01-14,5.05,4.91,5.12,4.88,276956.57
2022-01-17,4.98,4.92,5.02,4.87,199984.98
2022-01-18,4.96,4.8,5.04,4.77,250683.48
2022-01-19,4.77,4.82,4.9,4.75,199617.55
2022-01-20,4.85,4.69,4.87,4.65,178058.99
2022-01-21,4.75,4.78,4.91,4.68,253927.0
2022-01-24,4.78,4.65,4.79,4.59,208571.52
2022-01-25,4.65,4.53,4.77,4.5,192343.55
2022-01-26,4.55,4.62,4.67,4.48,180645.39
2022-01-27,4.64,4.5,4.69,4.48,132714.55
2022-01-28,4.54,4.64,4.72,4.47,162906.94
2022-02-07,4.68,4.88,4.97,4.68,238419.1
2022-02-08,4.83,4.97,5.1,4.83,230552.15
2022-02-09,4.98,5.07,5.22,4.97,297968.15
2022-02-10,5.09,5.08,5.1,5.0,119135.25
2022-02-11,5.11,5.0,5.11,4.96,171122.97
2022-02-14,5.16,5.1,5.22,5.04,223416.79
2022-02-15,5.08,5.18,5.28,5.08,303290.9
2022-02-16,5.15,5.06,5.15,4.91,200936.15
2022-02-17,5.06,5.04,5.08,4.95,168987.62
2022-02-18,5.05,5.05,5.09,4.99,112083.49
2022-02-21,5.07,5.15,5.2,5.04,143825.0
2022-02-22,5.17,4.98,5.2,4.97,180471.96
2022-02-23,4.99,4.86,5.02,4.85,194628.87
2022-02-24,4.86,4.78,4.91,4.73,198273.8
2022-02-25,4.85,4.76,4.89,4.74,144708.53
2022-02-28,4.79,4.78,4.84,4.74,105120.0
2022-03-01,4.78,4.8,4.81,4.72,92948.49
2022-03-02,4.82,4.82,4.91,4.79,150715.91
2022-03-03,4.85,4.87,4.94,4.84,148732.42
2022-03-04,4.86,4.73,4.86,4.7,155057.89
2022-03-07,4.73,4.67,4.84,4.64,166510.98
2022-03-08,4.67,4.53,4.7,4.48,136677.15
2022-03-09,4.56,4.48,4.61,4.28,139719.94
2022-03-10,4.56,4.45,4.56,4.43,99935.84
2022-03-11,4.4,4.49,4.54,4.33,102475.9
2022-03-14,4.47,4.29,4.49,4.25,158951.9
2022-03-15,4.25,3.98,4.26,3.95,187475.71
2022-03-16,4.06,4.16,4.18,3.95,139426.0
2022-03-17,4.28,4.12,4.28,4.08,174794.32
2022-03-18,4.16,4.28,4.32,4.11,170053.72
2022-03-21,4.28,4.22,4.34,4.15,172716.7
2022-03-22,4.21,4.19,4.27,4.19,106821.45
2022-03-23,4.23,4.17,4.24,4.15,104230.19
2022-03-24,4.15,4.15,4.19,4.12,84882.53
2022-03-25,4.14,4.16,4.21,4.12,76403.51
2022-03-28,4.17,4.12,4.18,4.06,124095.02
2022-03-29,4.12,4.02,4.13,3.98,204856.06
2022-03-30,4.0,4.03,4.06,4.0,126051.38
2022-03-31,4.01,4.04,4.08,4.0,109039.33
2022-04-01,4.01,4.09,4.12,4.0,104109.0
2022-04-06,4.1,4.15,4.16,4.07,99903.0
2022-04-07,4.15,4.05,4.15,4.05,103964.0
2022-04-08,4.06,4.04,4.08,4.0,97716.38
2022-04-11,4.04,3.88,4.06,3.86,139400.12
2022-04-12,3.88,4.02,4.03,3.85,126480.0
2022-04-13,3.98,3.94,4.04,3.94,73070.36
2022-04-14,3.94,4.06,4.12,3.94,146474.75
2022-04-15,4.03,3.96,4.08,3.95,109181.0
2022-04-18,3.95,3.95,4.0,3.87,69750.09
2022-04-19,3.95,3.97,4.0,3.94,68027.0
2022-04-20,3.98,4.01,4.1,3.95,128122.15
2022-04-21,3.98,3.82,4.0,3.79,132505.72
2022-04-22,3.81,3.92,3.97,3.76,103937.15
2022-04-25,3.87,3.53,3.89,3.52,205720.64
2022-04-26,3.52,3.37,3.57,3.33,165940.32
2022-04-27,3.29,3.45,3.47,3.26,118505.19
2022-04-28,3.44,3.38,3.49,3.3,92008.9
2022-04-29,3.39,3.68,3.68,3.39,149040.81
2022-05-05,3.58,3.59,3.63,3.55,208835.78
2022-05-06,3.51,3.47,3.52,3.45,116270.62
2022-05-09,3.48,3.57,3.58,3.48,98880.96
2022-05-10,3.53,3.57,3.58,3.49,91674.81
2022-05-11,3.57,3.57,3.66,3.55,118755.23
2022-05-12,3.55,3.61,3.63,3.53,84131.06
2022-05-13,3.63,3.61,3.64,3.56,78296.25
2022-05-16,3.63,3.61,3.63,3.58,81650.23
2022-05-17,3.59,3.57,3.61,3.51,66661.0
2022-05-18,3.57,3.62,3.64,3.53,83980.65
2022-05-19,3.57,3.59,3.61,3.54,72209.31
2022-05-20,3.62,3.66,3.66,3.6,107888.69
2022-05-23,3.66,3.68,3.69,3.61,85664.01
2022-05-24,3.69,3.55,3.7,3.54,98866.0
2022-05-25,3.56,3.68,3.7,3.55,121655.55
2022-05-26,3.7,3.72,3.74,3.61,143349.6
2022-05-27,3.78,3.7,3.79,3.69,94937.07
2022-05-30,3.71,3.71,3.72,3.67,58329.38
2022-05-31,3.71,3.76,3.78,3.68,73625.07
2022-06-01,3.76,3.78,3.82,3.73,89268.0
2022-06-02,3.78,3.89,3.9,3.77,151376.43
2022-06-06,3.88,3.85,3.91,3.81,153558.53
2022-06-07,3.86,3.86,3.87,3.79,111194.0
2022-06-08,3.85,3.81,3.86,3.76,84104.0
2022-06-09,3.8,3.74,3.8,3.72,63025.92
2022-06-10,3.73,3.78,3.78,3.7,88605.72
2022-06-13,3.75,3.77,3.78,3.72,91950.0
2022-06-14,3.76,3.78,3.78,3.67,112436.13
2022-06-15,3.81,3.8,3.84,3.77,106214.95
2022-06-16,3.78,3.78,3.82,3.78,66930.62
2022-06-17,3.77,3.78,3.81,3.75,73724.34
2022-06-20,3.78,3.88,3.88,3.78,117089.17
2022-06-21,3.89,3.92,3.95,3.86,120428.83
2022-06-22,3.94,3.89,3.96,3.88,79000.46
2022-06-23,3.89,3.96,3.96,3.84,108709.78
2022-06-24,3.96,4.05,4.08,3.89,178488.68
2022-06-27,4.05,4.07,4.09,4.01,134958.46
2022-06-28,4.07,4.07,4.11,4.01,117885.91
2022-06-29,4.07,4.06,4.15,4.05,117409.73
2022-06-30,4.11,4.13,4.16,4.1,107830.0
2022-07-01,4.13,4.11,4.14,4.07,83321.37
2022-07-04,4.14,4.11,4.14,4.06,71040.0
2022-07-05,4.12,4.05,4.15,4.0,96840.34
2022-07-06,4.06,3.96,4.06,3.93,92789.26
2022-07-07,3.96,3.96,4.0,3.95,65578.0
2022-07-08,3.98,3.93,3.98,3.93,60017.0
2022-07-11,3.95,3.88,3.95,3.84,81391.8
2022-07-12,3.9,3.82,3.9,3.82,53055.33
2022-07-13,3.8,3.87,3.88,3.8,55889.0
2022-07-14,3.85,3.83,3.87,3.81,46025.01
2022-07-15,3.82,3.72,3.82,3.72,75373.0
2022-07-18,3.75,3.85,3.86,3.74,77614.62
2022-07-19,3.86,4.07,4.23,3.83,285126.22
2022-07-20,4.04,4.03,4.11,3.96,185719.14
2022-07-21,4.04,3.99,4.05,3.99,83667.32
2022-07-22,3.99,4.0,4.04,3.96,69176.07
2022-07-25,4.0,4.08,4.17,3.96,146904.07
2022-07-26,4.06,4.39,4.48,4.05,549109.35
2022-07-27,4.27,4.32,4.39,4.19,391750.82
2022-07-28,4.35,4.26,4.37,4.24,199419.73
2022-07-29,4.25,4.23,4.32,4.2,153063.95
2022-08-01,4.18,4.13,4.26,4.11,154428.0
2022-08-02,4.13,3.91,4.13,3.85,208095.47
2022-08-03,3.9,3.89,3.99,3.89,129276.98
2022-08-04,3.91,3.94,3.95,3.87,90975.95
2022-08-05,3.94,3.99,4.0,3.92,110209.89
2022-08-08,3.99,3.98,4.01,3.95,84688.75
2022-08-09,3.96,3.97,3.98,3.92,90143.0
2022-08-10,3.96,4.13,4.21,3.93,207588.11
2022-08-11,4.13,4.29,4.32,4.13,288287.64
2022-08-12,4.32,4.24,4.36,4.22,158778.31
2022-08-15,4.29,4.26,4.36,4.19,159507.99
2022-08-16,4.29,4.21,4.3,4.19,104183.82
2022-08-17,4.63,4.63,4.63,4.62,567762.11
2022-08-18,4.63,4.84,4.98,4.55,1358718.08
2022-08-19,4.84,4.61,4.91,4.6,590571.61
2022-08-22,4.62,4.85,4.93,4.55,531466.83
2022-08-23,4.81,4.94,5.11,4.76,458176.45
2022-08-24,4.87,4.73,4.95,4.69,346584.1
2022-08-25,4.74,4.66,4.77,4.56,236360.67
2022-08-26,4.66,4.49,4.69,4.47,231329.03
2022-08-29,4.42,4.57,4.59,4.39,161109.95
2022-08-30,4.5,4.58,4.71,4.5,146343.92
2022-08-31,4.56,4.38,4.57,4.34,208181.46
2022-09-01,4.46,4.38,4.46,4.33,98842.0
2022-09-02,4.37,4.41,4.43,4.33,105859.14
2022-09-05,4.41,4.47,4.49,4.33,134435.5
2022-09-06,4.47,4.45,4.47,4.41,109900.89
2022-09-07,4.44,4.34,4.44,4.32,144997.0
2022-09-08,4.33,4.48,4.48,4.23,285136.98
2022-09-09,4.48,4.37,4.58,4.35,183460.31
2022-09-13,4.34,4.54,4.62,4.33,271832.85
2022-09-14,4.45,4.41,4.46,4.34,191630.26
2022-09-15,4.44,4.28,4.48,4.23,166472.19
2022-09-16,4.28,4.08,4.28,4.07,131165.0
2022-09-19,4.05,3.99,4.08,3.91,106783.45
2022-09-20,4.04,4.12,4.13,4.02,98094.67
2022-09-21,4.13,4.14,4.16,4.05,76164.0
2022-09-22,4.13,4.11,4.18,4.1,94065.92
2022-09-23,4.14,3.97,4.14,3.94,111385.76
2022-09-26,3.91,3.82,3.94,3.81,101720.88
2022-09-27,3.87,4.05,4.05,3.83,115347.76
2022-09-28,4.05,3.92,4.07,3.92,95683.82
2022-09-29,3.97,3.87,4.02,3.83,73675.0
2022-09-30,3.87,3.93,3.96,3.84,69328.0
2022-10-10,3.93,3.75,3.96,3.71,95978.82
2022-10-11,3.74,3.73,3.77,3.63,63391.0
2022-10-12,3.73,3.8,3.8,3.64,58191.85
2022-10-13,3.78,3.78,3.83,3.75,61548.0
2022-10-14,3.83,3.9,3.93,3.81,70207.0
2022-10-17,3.88,3.96,3.98,3.86,64695.01
2022-10-18,3.98,3.88,3.99,3.86,98869.53
2022-10-19,3.87,3.8,3.87,3.79,60106.27
2022-10-20,3.8,3.79,3.84,3.76,52511.01
2022-10-21,3.78,3.74,3.81,3.73,55442.0
2022-10-24,3.76,3.68,3.8,3.64,69761.0
2022-10-25,3.67,3.69,3.7,3.61,51913.0
2022-10-26,3.69,3.73,3.76,3.69,49429.11
2022-10-27,3.73,3.74,3.76,3.72,40182.85
2022-10-28,3.74,3.67,3.74,3.65,81251.64
2022-10-31,3.67,3.69,3.72,3.63,46463.0
2022-11-01,3.7,3.79,3.79,3.7,64106.43
2022-11-02,3.78,3.81,3.83,3.77,91087.35
2022-11-03,3.78,3.8,3.84,3.78,55888.0
2022-11-04,3.81,3.88,3.89,3.8,94904.83
2022-11-07,3.9,3.93,3.94,3.87,77583.0
2022-11-08,3.96,3.92,3.96,3.9,56035.74
2022-11-09,3.92,3.95,3.96,3.89,63037.87
2022-11-10,3.92,3.92,3.96,3.9,77155.54
2022-11-11,3.99,3.96,4.04,3.95,104726.0
2022-11-14,3.96,3.98,4.02,3.93,73408.99
2022-11-15,3.99,3.99,4.0,3.96,61917.0
2022-11-16,4.01,4.02,4.03,3.99,60847.0
2022-11-17,4.0,4.0,4.04,3.97,56394.63
2022-11-18,4.0,3.96,4.04,3.94,73248.89
2022-11-21,3.95,3.92,3.95,3.87,63528.0
2022-11-22,3.95,3.87,3.95,3.87,77036.48
2022-11-23,3.9,3.84,3.9,3.8,61993.73
2022-11-24,3.87,3.87,3.89,3.84,62471.85
2022-11-25,3.86,3.86,3.89,3.84,51374.0
2022-11-28,3.84,3.85,3.85,3.76,77688.78
2022-11-29,3.87,3.95,3.96,3.84,122802.37
2022-11-30,3.96,3.93,3.98,3.9,64124.71
2022-12-01,3.97,4.02,4.08,3.97,148986.53
2022-12-02,4.09,4.05,4.14,4.01,96181.0
2022-12-05,4.08,4.14,4.18,4.06,189242.41
2022-12-06,4.14,4.2,4.27,4.13,170131.7
2022-12-07,4.21,4.22,4.23,4.14,128795.41
2022-12-08,4.22,4.25,4.33,4.17,127714.53
2022-12-09,4.27,4.23,4.27,4.19,96673.0
2022-12-12,4.24,4.15,4.25,4.14,79721.04
2022-12-13,4.15,4.27,4.37,4.14,132921.4
2022-12-14,4.26,4.33,4.37,4.26,102159.36
2022-12-15,4.35,4.28,4.41,4.27,83417.32
2022-12-16,4.28,4.31,4.34,4.25,60899.73
2022-12-19,4.32,4.25,4.41,4.22,99010.57
2022-12-20,4.24,4.23,4.29,4.18,60861.78
2022-12-21,4.23,4.3,4.32,4.21,90928.21
2022-12-22,4.3,4.35,4.46,4.25,138724.05
2022-12-23,4.36,4.32,4.4,4.28,80432.0
2022-12-26,4.32,4.26,4.34,4.23,77459.62
2022-12-27,4.29,4.43,4.51,4.27,142449.89
2022-12-28,4.4,4.41,4.44,4.33,117669.1
2022-12-29,4.41,4.43,4.46,4.35,88946.55
2022-12-30,4.41,4.73,4.87,4.41,414234.07
2023-01-03,4.76,4.77,4.91,4.7,415950.94
2023-01-04,4.76,4.86,4.99,4.73,334674.04
2023-01-05,4.84,4.91,5.01,4.84,289919.0
2023-01-06,4.91,4.86,4.94,4.84,172401.0
2023-01-09,4.9,5.2,5.25,4.89,425241.68
2023-01-10,5.15,5.39,5.45,5.12,398490.78
2023-01-11,5.37,5.15,5.39,5.11,441815.83
2023-01-12,5.14,5.12,5.3,5.04,268564.0
2023-01-13,5.12,5.39,5.42,5.04,363685.11
2023-01-16,5.39,5.34,5.4,5.15,333483.65
2023-01-17,5.29,5.22,5.31,5.09,205894.19
2023-01-18,5.19,5.16,5.29,5.14,129659.28
2023-01-19,5.11,5.19,5.34,5.1,256813.89
2023-01-20,5.19,5.25,5.33,5.14,113375.84
2023-01-30,5.4,5.77,5.77,5.39,460887.56
2023-01-31,5.7,5.61,5.7,5.45,502008.86
2023-02-01,5.54,5.66,5.73,5.5,319836.05
2023-02-02,5.65,5.57,5.65,5.48,183099.73
2023-02-03,5.56,5.47,5.56,5.39,139728.0
2023-02-06,5.39,5.46,5.47,5.23,182967.0
2023-02-07,5.43,5.54,5.55,5.36,118401.91
2023-02-08,5.54,5.44,5.61,5.43,125768.54
2023-02-09,5.44,5.56,5.62,5.41,182515.05
2023-02-10,5.62,5.65,5.77,5.56,159961.89
2023-02-13,5.59,5.79,5.89,5.52,193435.31
2023-02-14,5.79,5.77,5.95,5.75,166212.68
2023-02-15,5.82,5.92,6.01,5.78,159820.97
2023-02-16,5.89,5.74,6.04,5.69,170483.43
2023-02-17,5.74,5.69,5.85,5.66,107418.11
2023-02-20,5.66,5.98,6.05,5.66,247633.29
2023-02-21,5.98,5.91,6.04,5.82,134238.75
2023-02-22,5.87,6.21,6.24,5.83,222695.43
2023-02-23,6.21,6.1,6.26,6.05,147616.0
2023-02-24,6.09,6.08,6.17,6.05,84624.9
2023-02-27,6.06,6.12,6.16,5.98,114138.02
2023-02-28,6.1,6.25,6.31,6.04,165003.09
2023-03-01,6.28,6.38,6.41,6.18,143493.22
2023-03-02,6.34,6.36,6.39,6.3,78207.45
2023-03-03,6.33,6.53,6.55,6.32,119016.09
2023-03-06,6.57,6.54,6.6,6.39,169992.04
2023-03-07,6.47,6.51,6.65,6.28,180898.04
2023-03-08,6.47,6.37,6.49,6.34,127399.74
2023-03-09,6.37,6.22,6.4,6.18,141964.82
2023-03-10,6.16,6.15,6.33,6.14,130127.69
2023-03-13,6.16,6.3,6.31,6.1,105952.46
2023-03-14,6.38,6.04,6.63,5.98,213586.0
2023-03-15,6.1,6.25,6.32,5.92,227800.01
2023-03-16,6.25,6.58,6.78,6.18,327960.77
2023-03-17,6.57,6.62,6.83,6.56,160589.16
2023-03-20,6.64,6.43,6.65,6.42,152632.11
2023-03-21,6.43,6.51,6.64,6.35,103824.84
2023-03-22,6.5,6.4,6.53,6.1,249619.89
2023-03-23,6.39,6.45,6.52,6.32,132204.46
2023-03-24,6.42,6.45,6.63,6.42,101641.1
2023-03-27,6.45,6.28,6.45,6.1,197046.0
2023-03-28,6.28,6.36,6.43,6.12,133224.25
2023-03-29,6.37,6.7,6.73,6.35,163110.25
2023-03-30,6.7,6.7,6.81,6.56,108453.16
2023-03-31,6.67,7.08,7.15,6.65,165990.98
2023-04-03,7.01,7.23,7.56,6.9,330285.27
2023-04-04,7.23,7.34,7.42,7.1,179878.0
2023-04-06,7.33,7.37,7.66,7.32,199942.42
2023-04-07,7.37,7.49,7.5,7.27,99900.0
2023-04-10,7.47,7.64,7.85,7.38,168994.0
2023-04-11,7.64,7.34,7.67,7.24,208279.0
2023-04-12,7.26,7.25,7.41,7.17,139609.98
2023-04-13,7.24,7.21,7.36,7.16,78722.97
2023-04-14,7.25,7.11,7.27,7.06,104399.0
2023-04-17,7.09,7.12,7.27,6.85,176005.5
2023-04-18,7.09,7.36,7.4,7.04,162248.0
2023-04-19,7.34,6.86,7.37,6.72,321647.01
2023-04-20,6.79,6.91,7.01,6.74,149651.0
2023-04-21,6.9,6.65,6.9,6.6,195883.0
2023-04-24,6.64,6.5,6.65,6.44,152817.31
2023-04-25,6.52,6.44,6.73,6.37,128634.0
2023-04-26,6.43,6.46,6.54,6.25,143101.0
2023-04-27,6.46,6.3,6.46,6.28,88134.0
2023-04-28,6.35,6.92,6.93,6.34,234153.01
2023-05-04,6.9,7.37,7.51,6.89,355036.2
2023-05-05,7.36,6.69,7.43,6.67,355310.03
2023-05-08,6.73,6.77,7.18,6.73,266884.06
2023-05-09,6.81,6.67,7.08,6.66,222990.02
2023-05-10,6.57,6.48,6.69,6.44,124532.88
2023-05-11,6.47,6.62,6.72,6.46,93899.96
2023-05-12,6.57,6.64,6.82,6.57,108617.83
2023-05-15,6.59,6.66,6.68,6.39,120868.0
2023-05-16,6.7,6.54,6.7,6.47,85694.0
2023-05-17,6.52,6.54,6.6,6.46,81445.0
2023-05-18,6.54,6.61,6.79,6.54,78509.04
2023-05-19,6.54,6.46,6.59,6.36,103763.0
2023-05-22,6.4,6.58,6.62,6.4,99609.0
2023-05-23,6.58,6.36,6.63,6.33,107503.9
2023-05-24,6.36,6.29,6.42,6.25,97903.3
2023-05-25,6.32,6.27,6.32,6.12,114812.0
2023-05-26,6.27,6.32,6.38,6.16,89353.0
2023-05-29,6.32,6.21,6.36,6.08,143080.0
2023-05-30,6.19,6.25,6.32,6.1,108821.0
2023-05-31,6.27,6.39,6.44,6.25,113272.0
2023-06-01,6.37,6.32,6.54,6.19,164009.02
2023-06-02,6.36,6.4,6.54,6.29,110650.5
2023-06-05,6.36,6.45,6.51,6.27,107173.0
2023-06-06,6.45,6.38,6.51,6.36,90989.0
2023-06-07,6.39,6.46,6.49,6.35,70024.0
2023-06-08,6.47,6.42,6.48,6.34,81564.0
2023-06-09,6.43,6.56,6.7,6.43,151751.0
2023-06-12,6.57,6.85,6.96,6.48,176428.85
2023-06-13,6.85,6.84,6.97,6.79,84800.0
2023-06-14,6.86,7.11,7.15,6.86,138869.0
2023-06-15,7.11,7.11,7.19,6.98,96526.0
2023-06-16,7.14,6.98,7.29,6.95,98413.0
2023-06-19,6.96,6.91,7.04,6.89,85801.0
2023-06-20,6.89,6.88,7.0,6.83,83350.0
2023-06-21,6.85,6.82,6.97,6.81,73931.8
2023-06-26,6.82,6.74,6.88,6.72,68805.8
2023-06-27,6.81,7.1,7.22,6.79,122884.0
2023-06-28,7.12,7.18,7.29,6.85,143110.6
2023-06-29,7.16,7.21,7.26,7.05,86160.04
2023-06-30,7.21,7.27,7.37,7.18,84643.0
2023-07-03,7.27,7.23,7.33,7.12,82162.0
2023-07-04,7.23,7.09,7.27,7.02,116352.0
2023-07-05,7.04,6.9,7.09,6.87,65780.04
2023-07-06,6.89,6.76,7.05,6.72,77345.25
2023-07-07,6.77,6.72,6.81,6.66,81644.83
2023-07-10,6.75,6.83,6.84,6.66,73271.0
2023-07-11,6.83,6.93,6.96,6.78,55050.0
2023-07-12,6.96,6.88,7.07,6.8,72851.0
2023-07-13,6.87,6.88,7.29,6.85,135253.38
2023-07-14,6.85,6.32,6.88,6.2,486292.47
2023-07-17,6.23,6.38,6.42,6.15,220163.38
2023-07-18,6.36,6.11,6.36,6.08,195449.48
2023-07-19,6.12,6.26,6.38,6.11,218843.0
2023-07-20,6.26,6.29,6.36,6.21,118985.64
2023-07-21,6.26,6.29,6.35,6.22,108142.13
2023-07-24,6.26,6.23,6.31,6.18,65159.0
2023-07-25,6.28,6.32,6.35,6.24,83899.08
2023-07-26,6.32,6.31,6.36,6.19,91388.0
2023-07-27,6.26,6.36,6.42,6.23,115232.87
2023-07-28,6.35,6.45,6.59,6.3,124639.75
2023-07-31,6.48,6.48,6.5,6.37,139064.5
2023-08-01,6.48,6.48,6.53,6.38,122934.2
2023-08-02,6.43,6.35,6.46,6.33,67227.73
2023-08-03,6.31,6.22,6.34,6.2,88150.73
2023-08-04,6.23,6.1,6.29,6.08,116041.0
2023-08-07,6.07,5.96,6.11,5.9,125053.63
2023-08-08,6.01,6.11,6.23,5.83,210795.02
2023-08-09,6.09,5.93,6.11,5.91,129093.79
2023-08-10,5.93,5.93,5.98,5.88,55852.0
2023-08-11,5.93,5.74,5.93,5.72,105824.4
2023-08-14,5.72,5.7,5.77,5.63,139088.06
2023-08-15,5.69,5.69,5.75,5.62,120112.79
2023-08-16,5.66,5.57,5.69,5.54,110559.1
2023-08-17,5.57,5.68,5.75,5.53,153435.0
2023-08-18,5.68,5.52,5.7,5.51,101612.5
2023-08-21,5.52,5.51,5.61,5.49,76801.12
2023-08-22,5.49,5.51,5.56,5.41,70663.95
2023-08-23,5.51,5.47,5.62,5.44,124390.0
2023-08-24,5.49,5.88,5.95,5.49,309449.92
2023-08-25,5.87,5.69,5.87,5.5,246381.06
2023-08-28,6.03,5.52,6.03,5.49,338303.06
2023-08-29,5.5,5.65,5.69,5.45,190167.69
2023-08-30,5.68,5.76,5.85,5.64,167487.15
2023-08-31,5.75,5.74,5.84,5.7,112751.43
2023-09-01,5.74,5.9,5.94,5.73,119961.06
2023-09-04,5.89,6.14,6.2,5.86,231391.78
2023-09-05,6.13,6.04,6.13,6.01,106708.0
2023-09-06,6.02,5.92,6.04,5.87,91879.4
2023-09-07,5.92,5.83,5.96,5.81,62582.77
2023-09-08,5.78,5.82,5.86,5.78,41164.56
2023-09-11,5.82,5.96,5.99,5.75,81200.39
2023-09-12,5.96,5.88,5.98,5.87,39891.28
2023-09-13,5.86,5.85,5.89,5.79,55375.73
2023-09-14,5.83,6.06,6.09,5.8,147171.77
2023-09-15,6.06,6.26,6.42,6.04,233882.72
2023-09-18,6.2,6.27,6.3,6.09,143902.0
2023-09-19,6.27,6.24,6.29,6.19,82985.64
2023-09-20,6.37,6.2,6.38,6.16,73708.72
2023-09-21,6.14,6.11,6.17,6.02,99681.2
2023-09-22,6.09,6.09,6.14,6.03,48430.0
2023-09-25,6.08,6.17,6.22,6.03,68676.2
2023-09-26,6.17,6.12,6.2,5.99,122403.0
2023-09-27,6.12,6.11,6.22,6.08,70083.0
2023-09-28,6.11,6.15,6.18,6.04,84521.22
2023-10-09,6.13,5.69,6.13,5.54,380671.0
2023-10-10,5.77,5.67,5.8,5.66,99291.32
2023-10-11,5.71,5.65,5.8,5.63,81941.11
2023-10-12,5.66,5.72,5.74,5.63,77848.0
2023-10-13,5.69,5.6,5.71,5.56,70740.04
2023-10-16,5.62,5.73,5.8,5.61,93569.17
2023-10-17,5.73,5.69,5.73,5.62,52823.0
2023-10-18,5.69,5.61,5.69,5.6,39241.0
2023-10-19,5.61,5.53,5.61,5.53,57891.3
2023-10-20,5.51,5.51,5.58,5.49,43592.83
2023-10-23,5.48,5.36,5.51,5.31,62583.0
2023-10-24,5.36,5.45,5.5,5.32,65065.36
2023-10-25,5.45,5.49,5.58,5.45,67580.2
2023-10-26,5.43,5.52,5.58,5.36,64062.0
2023-10-27,5.53,6.08,6.08,5.53,206912.91
2023-10-30,6.17,5.99,6.19,5.96,241692.07
2023-10-31,6.01,5.96,6.09,5.88,113926.0
2023-11-01,5.9,5.91,5.99,5.86,93516.0
2023-11-02,5.86,5.85,5.94,5.78,67318.0
2023-11-03,5.87,5.87,5.9,5.81,64115.0
2023-11-06,5.89,5.95,5.96,5.74,256473.02
2023-11-07,5.91,5.9,5.92,5.79,154614.34
2023-11-08,5.86,5.84,5.96,5.77,167213.0
2023-11-09,5.86,5.79,5.86,5.75,84657.0
2023-11-10,5.78,5.71,5.78,5.64,97649.0
2023-11-13,5.72,5.75,5.76,5.68,78555.74
2023-11-14,5.78,5.73,5.78,5.68,69835.41
2023-11-15,5.79,5.8,5.86,5.74,100226.0
2023-11-16,5.81,5.83,5.86,5.74,78281.0
2023-11-17,5.85,5.95,5.96,5.81,116839.74
2023-11-20,5.97,5.88,5.99,5.79,103200.74
2023-11-21,5.88,5.81,6.0,5.76,204600.47
2023-11-22,5.82,5.83,5.86,5.77,86278.08
2023-11-23,5.82,5.82,5.84,5.77,61345.0
2023-11-24,5.83,5.79,5.88,5.76,58530.0
2023-11-27,5.82,5.78,5.82,5.71,75121.49
2023-11-28,5.76,5.87,5.88,5.74,88934.61
2023-11-29,5.92,5.98,6.06,5.9,181963.47
2023-11-30,5.95,5.96,5.97,5.79,104539.75
2023-12-01,5.96,6.04,6.08,5.92,99032.39
2023-12-04,6.11,6.16,6.3,6.1,180161.0
2023-12-05,6.13,6.11,6.24,6.02,146036.06
2023-12-06,6.09,6.16,6.19,5.99,84850.0
2023-12-07,6.16,6.19,6.2,6.11,57949.45
2023-12-08,6.14,6.01,6.2,5.98,72852.0
2023-12-11,5.98,6.02,6.04,5.95,63174.0
2023-12-12,6.02,6.16,6.17,5.98,70483.3
2023-12-13,6.15,6.11,6.17,6.1,44803.0
2023-12-14,6.16,6.17,6.31,6.11,124412.36
2023-12-15,6.17,6.18,6.25,6.12,109455.0
2023-12-18,6.23,6.19,6.23,6.11,71632.16
2023-12-19,6.18,6.19,6.32,6.15,108538.0
2023-12-20,6.19,6.14,6.24,6.13,60892.92
2023-12-21,6.11,6.18,6.19,6.07,56767.0
2023-12-22,6.18,6.05,6.23,6.02,66596.67
2023-12-25,6.03,6.09,6.11,5.96,69331.0
2023-12-26,6.1,6.08,6.11,6.02,37693.0
2023-12-27,6.06,6.15,6.16,6.02,46777.09
2023-12-28,6.12,6.23,6.26,6.08,82777.08
2023-12-29,6.23,6.3,6.33,6.2,68982.0
2024-01-02,6.34,6.31,6.34,6.25,62637.2
2024-01-03,6.27,6.21,6.3,6.15,53543.0
2024-01-04,6.18,6.23,6.24,6.14,59064.02
2024-01-05,6.22,6.27,6.44,6.2,129689.0
2024-01-08,6.23,6.08,6.24,6.08,90527.03
2024-01-09,6.11,6.31,6.35,6.06,113399.67
2024-01-10,6.3,6.35,6.41,6.19,84155.82
2024-01-11,6.33,6.48,6.51,6.28,108242.44
2024-01-12,6.48,6.6,6.85,6.44,275911.63
2024-01-15,6.6,6.82,6.89,6.56,187188.0
2024-01-16,6.85,6.75,6.88,6.63,119292.0
2024-01-17,6.73,6.64,6.78,6.63,123194.0
2024-01-18,6.58,6.55,6.6,6.32,112592.84
2024-01-19,6.55,6.62,6.68,6.5,85909.08
2024-01-22,6.6,6.29,6.71,6.27,93980.5
2024-01-23,6.26,6.25,6.3,6.01,99849.45
2024-01-24,6.28,6.36,6.49,6.19,83269.85
2024-01-25,6.35,6.48,6.56,6.31,101948.0
2024-01-26,6.48,6.28,6.49,6.25,91488.0
2024-01-29,6.27,6.31,6.45,6.18,144896.0
2024-01-30,6.26,5.99,6.27,5.85,166602.0
2024-01-31,5.98,5.74,6.0,5.7,164201.0
2024-02-01,5.72,5.61,5.8,5.55,112098.0
2024-02-02,5.61,5.48,5.81,5.33,122689.0
2024-02-05,5.49,5.1,5.58,4.95,167732.75
2024-02-06,5.0,5.55,5.6,4.74,238413.76
2024-02-07,5.42,5.49,5.8,5.37,131145.3
2024-02-08,5.51,5.78,5.83,5.47,112895.4
2024-02-19,5.88,6.04,6.2,5.85,155610.66
2024-02-20,5.98,6.01,6.04,5.93,46091.44
2024-02-21,5.99,5.92,6.08,5.91,76351.0
2024-02-22,5.92,5.79,5.98,5.73,119707.66
2024-02-23,5.76,5.8,5.83,5.71,71963.42
2024-02-26,5.82,5.8,5.95,5.71,122547.88
2024-02-27,5.79,5.92,5.94,5.73,87230.0
2024-02-28,5.95,5.6,5.95,5.57,155000.0
2024-02-29,5.58,5.67,5.74,5.55,113203.0
2024-03-01,5.64,5.66,5.74,5.61,94542.0
2024-03-04,5.66,5.72,5.73,5.41,164436.53
2024-03-05,5.7,5.66,5.81,5.65,131120.0
2024-03-06,5.65,5.7,5.73,5.55,99861.0
2024-03-07,5.66,5.81,5.88,5.66,144236.36
2024-03-08,5.81,5.82,5.95,5.67,117810.0
2024-03-11,5.87,6.0,6.05,5.82,164761.1
2024-03-12,6.01,6.08,6.15,5.91,123668.0
2024-03-13,6.07,6.0,6.09,5.92,85835.99
2024-03-14,6.0,6.11,6.32,5.94,132281.1
2024-03-15,6.09,6.21,6.22,6.01,88203.5
2024-03-18,6.17,6.13,6.22,6.01,117202.13
2024-03-19,6.11,6.03,6.15,6.02,73757.84
2024-03-20,6.01,6.06,6.11,5.97,71263.0
2024-03-21,6.13,6.17,6.22,6.06,107161.31
2024-03-22,6.13,5.98,6.14,5.93,113676.0
2024-03-25,5.98,5.93,6.09,5.93,77929.0
2024-03-26,5.93,5.92,5.95,5.74,95002.0
2024-03-27,5.89,5.88,5.99,5.85,68661.0
2024-03-28,5.87,5.88,5.97,5.84,52072.1
2024-03-29,5.93,6.19,6.3,5.92,193295.1
2024-04-01,6.26,6.18,6.35,6.11,199878.1
2024-04-02,6.11,6.13,6.2,6.11,95113.0
2024-04-03,6.2,6.36,6.4,6.19,217412.16
2024-04-08,6.48,6.38,6.64,6.32,282716.68
2024-04-09,6.28,6.35,6.43,6.18,143653.0
2024-04-10,6.36,6.44,6.61,6.25,204485.0
2024-04-11,6.29,6.33,6.51,6.22,176265.74
2024-04-12,6.47,6.7,6.83,6.35,427067.85
2024-04-15,6.38,6.2,6.38,6.03,317215.04
2024-04-16,6.18,5.7,6.18,5.67,233199.0
2024-04-17,5.75,5.86,5.95,5.75,145019.0
2024-04-18,5.79,5.76,5.86,5.69,122163.0
2024-04-19,5.77,5.98,6.08,5.74,176805.0
2024-04-22,5.89,5.75,5.97,5.72,129242.47
2024-04-23,5.72,5.62,5.73,5.54,139640.04
2024-04-24,5.58,5.66,5.71,5.58,104486.28
2024-04-25,5.61,5.67,5.77,5.61,86338.0
2024-04-26,5.65,5.69,5.72,5.58,101656.02
2024-04-29,5.74,5.76,5.82,5.68,150353.0
2024-04-30,5.8,5.74,5.86,5.69,145561.0
2024-05-06,5.75,5.73,5.8,5.7,194783.8
2024-05-07,5.74,5.66,5.8,5.66,187003.99
2024-05-08,5.62,5.52,5.65,5.5,186279.04
2024-05-09,5.5,5.55,5.59,5.44,165060.65
2024-05-10,5.6,5.57,5.66,5.52,156359.0
2024-05-13,5.53,5.44,5.54,5.38,170901.0
2024-05-14,5.44,5.57,5.59,5.44,118525.69
2024-05-15,5.58,5.58,5.65,5.53,140447.0
2024-05-16,5.63,5.5,5.63,5.49,139545.71
2024-05-17,5.5,5.51,5.52,5.44,116679.96
2024-05-20,5.6,5.67,5.69,5.57,238623.0
2024-05-21,5.61,5.56,5.62,5.52,151044.0
2024-05-22,5.55,5.53,5.57,5.5,96241.0
2024-05-23,5.46,5.37,5.46,5.35,163043.79
2024-05-24,5.33,5.33,5.4,5.28,116624.0
2024-05-27,5.41,5.4,5.46,5.32,119656.77
2024-05-28,5.4,5.36,5.4,5.32,87222.0
2024-05-29,5.37,5.46,5.47,5.35,119829.6
2024-05-30,5.42,5.37,5.46,5.34,93866.01
2024-05-31,5.36,5.37,5.42,5.35,94507.0
2024-06-03,5.35,5.31,5.37,5.29,81673.77
2024-06-04,5.31,5.38,5.39,5.26,121271.0
2024-06-05,5.37,5.37,5.42,5.33,90193.54
2024-06-06,5.4,5.15,5.41,5.09,163465.8
2024-06-07,5.19,5.28,5.3,5.19,88500.78
2024-06-11,5.2,5.27,5.29,5.16,56066.0
2024-06-12,5.26,5.32,5.33,5.26,43341.0
2024-06-13,5.33,5.12,5.35,5.11,104831.79
2024-06-14,5.13,5.07,5.16,5.01,84451.75
2024-06-17,5.06,4.94,5.07,4.91,111156.71
2024-06-18,4.93,4.96,4.98,4.92,60651.83
2024-06-19,4.96,4.94,4.99,4.93,42720.0
2024-06-20,4.94,4.84,4.97,4.79,89524.0
2024-06-21,4.85,4.86,4.92,4.84,60273.1
2024-06-24,4.81,4.73,4.85,4.65,77112.0
2024-06-25,4.73,4.75,4.78,4.69,48996.0
2024-06-26,4.74,4.77,4.79,4.69,80294.83
2024-06-27,4.74,4.6,4.76,4.59,88689.0
2024-06-28,4.6,4.56,4.65,4.53,97666.0
2024-07-01,4.57,4.66,4.67,4.51,98333.06
2024-07-02,4.65,4.67,4.72,4.62,53703.0
2024-07-03,4.7,4.61,4.72,4.59,69668.9
2024-07-04,4.64,4.5,4.64,4.43,67231.0
2024-07-05,4.48,4.59,4.61,4.45,61834.0
2024-07-08,4.61,4.45,4.61,4.42,61019.0
2024-07-09,4.44,4.4,4.45,4.24,163317.05
2024-07-10,4.4,4.32,4.47,4.31,83389.0
2024-07-11,4.4,4.45,4.45,4.36,109028.0
2024-07-12,4.48,4.4,4.51,4.38,77166.0
2024-07-15,4.41,4.32,4.41,4.31,78606.0
2024-07-16,4.33,4.29,4.35,4.27,94121.75
2024-07-17,4.3,4.33,4.36,4.29,97435.0
2024-07-18,4.29,4.3,4.31,4.22,63923.6
2024-07-19,4.28,4.2,4.28,4.17,87426.0
2024-07-22,4.19,4.16,4.21,4.12,73632.0
2024-07-23,4.15,4.04,4.18,4.03,87680.0
2024-07-24,4.03,3.95,4.05,3.93,103449.0
2024-07-25,3.92,3.93,3.98,3.89,80659.0
2024-07-26,3.93,4.04,4.05,3.92,88409.66
2024-07-29,4.06,4.08,4.1,3.99,82420.0
2024-07-30,4.06,4.12,4.14,4.0,63089.0
2024-07-31,4.12,4.29,4.3,4.09,88516.99
2024-08-01,4.3,4.21,4.33,4.19,97948.4
2024-08-02,4.17,4.21,4.23,4.15,82950.4
2024-08-05,4.16,4.18,4.27,4.14,80406.0
2024-08-06,4.18,4.25,4.28,4.18,70733.0
2024-08-07,4.22,4.21,4.23,4.18,62631.0
2024-08-08,4.2,4.29,4.32,4.18,85835.0
2024-08-09,4.3,4.26,4.35,4.26,70666.03
2024-08-12,4.25,4.21,4.27,4.21,51256.71
2024-08-13,4.24,4.21,4.25,4.16,62094.0
2024-08-14,4.21,4.12,4.22,4.11,63860.0
2024-08-15,4.11,4.14,4.18,4.09,62773.0
2024-08-16,4.16,4.06,4.2,4.06,84678.0
2024-08-19,4.06,4.14,4.21,4.04,104031.63
2024-08-20,4.17,4.01,4.17,3.99,88938.0
2024-08-21,4.01,4.02,4.06,4.0,45695.0
2024-08-22,4.0,3.98,4.02,3.95,59110.0
2024-08-23,3.96,3.95,4.01,3.93,74260.0
2024-08-26,3.96,3.98,4.0,3.92,70069.04
2024-08-27,3.99,3.93,4.0,3.92,79190.0
2024-08-28,4.14,4.33,4.33,4.05,250530.87
2024-08-29,4.35,4.32,4.39,4.25,377921.31
2024-08-30,4.29,4.33,4.36,4.25,264271.0
2024-09-02,4.3,4.23,4.34,4.23,144392.04
2024-09-03,4.22,4.38,4.43,4.21,227400.0
2024-09-04,4.35,4.45,4.57,4.32,261098.73
2024-09-05,4.48,4.47,4.53,4.41,159687.0
2024-09-06,4.45,4.4,4.49,4.39,88436.0
2024-09-09,4.36,4.4,4.47,4.36,79764.0
2024-09-10,4.4,4.4,4.43,4.3,80347.05
2024-09-11,4.39,4.38,4.42,4.33,67394.68
2024-09-12,4.41,4.34,4.42,4.32,57453.0
2024-09-13,4.39,4.27,4.41,4.26,73431.63
2024-09-18,4.25,4.22,4.28,4.14,90537.68
2024-09-19,4.23,4.36,4.38,4.22,120692.8
2024-09-20,4.4,4.32,4.4,4.27,82072.11
2024-09-23,4.32,4.21,4.38,4.19,183134.0
2024-09-24,4.25,4.38,4.38,4.23,157209.04
2024-09-25,4.45,4.44,4.55,4.4,176461.64
2024-09-26,4.44,4.69,4.71,4.42,201894.11
2024-09-27,4.78,4.93,5.06,4.77,281744.04
2024-09-30,5.1,5.41,5.41,4.97,348742.79
2024-10-08,5.95,5.47,5.95,5.17,453188.53
2024-10-09,5.28,4.96,5.28,4.94,281292.25
2024-10-10,5.0,5.03,5.16,4.87,212197.79
2024-10-11,5.06,4.98,5.18,4.95,145139.04
2024-10-14,5.03,5.03,5.06,4.89,126081.0
2024-10-15,5.0,4.93,5.03,4.93,108875.0
2024-10-16,4.88,4.93,4.98,4.85,94341.0
2024-10-17,4.94,4.85,4.97,4.84,107090.01
2024-10-18,4.85,4.91,4.98,4.82,136221.81
2024-10-21,4.94,4.91,4.98,4.88,160357.04
2024-10-22,4.91,5.03,5.08,4.88,170528.34
2024-10-23,5.04,5.05,5.09,4.98,159983.0
2024-10-24,5.03,4.93,5.04,4.91,129908.0
2024-10-25,4.95,4.98,4.99,4.93,109259.2
2024-10-28,4.97,5.09,5.09,4.97,143841.25
2024-10-29,5.11,4.96,5.13,4.94,148524.0
2024-10-30,4.96,4.86,4.96,4.79,201014.0
2024-10-31,4.84,4.87,4.9,4.81,141299.8
2024-11-01,4.84,4.76,4.85,4.74,165863.02
2024-11-04,4.79,4.79,4.8,4.74,128449.0
2024-11-05,4.79,4.88,4.89,4.77,174593.98
2024-11-06,4.89,4.95,4.98,4.85,231671.0
2024-11-07,4.9,5.11,5.11,4.89,231998.08
2024-11-08,5.14,5.03,5.16,4.99,252466.03
2024-11-11,5.0,5.06,5.06,4.95,192886.73
2024-11-12,5.07,5.05,5.16,5.01,276620.69
2024-11-13,5.03,5.07,5.1,4.96,168686.0
2024-11-14,5.06,4.97,5.07,4.96,140035.93
2024-11-15,4.96,4.92,5.04,4.91,161110.99
2024-11-18,4.93,5.02,5.1,4.88,273690.2
2024-11-19,4.99,5.17,5.18,4.99,291081.43
2024-11-20,5.15,5.19,5.19,5.08,175339.89
2024-11-21,5.17,5.13,5.21,5.06,154294.0
2024-11-22,5.12,4.98,5.2,4.97,158063.04
2024-11-25,4.97,5.06,5.1,4.95,151654.51
2024-11-26,5.03,5.37,5.4,5.03,530099.98
2024-11-27,5.29,5.35,5.36,5.16,356381.27
2024-11-28,5.45,5.4,5.62,5.37,526349.87
2024-11-29,5.57,5.58,5.71,5.47,495321.0
2024-12-02,5.58,5.66,5.78,5.51,562226.31
2024-12-03,5.62,5.53,5.72,5.48,446346.1
2024-12-04,5.52,5.35,5.53,5.32,360687.0
2024-12-05,5.32,5.68,5.88,5.28,1072861.58
2024-12-06,5.63,5.73,5.83,5.49,781166.67
2024-12-09,5.72,5.59,5.78,5.55,431805.49
2024-12-10,5.75,5.69,5.92,5.64,511599.26
2024-12-11,5.65,5.85,5.96,5.65,477322.59
2024-12-12,5.84,5.9,5.93,5.78,378242.76
2024-12-13,5.9,5.8,5.91,5.77,304377.02
2024-12-16,5.79,5.79,5.96,5.71,358333.0
2024-12-17,5.78,5.49,5.78,5.45,448534.76
2024-12-18,5.5,5.43,5.52,5.38,224894.0
2024-12-19,5.38,5.42,5.45,5.31,175154.0
2024-12-20,5.41,5.48,5.61,5.39,181958.0
2024-12-23,5.4,5.16,5.47,5.15,311002.74
2024-12-24,5.19,5.31,5.34,5.19,267382.98
2024-12-25,5.47,5.44,5.64,5.27,331186.43
2024-12-26,5.38,5.51,5.71,5.38,322990.94
2024-12-27,5.48,5.47,5.52,5.39,216751.17
2024-12-30,5.42,5.36,5.47,5.29,178534.87
2024-12-31,5.39,5.73,5.89,5.38,977096.25
2025-01-02,5.63,6.04,6.08,5.63,1302022.27
2025-01-03,5.86,5.54,5.87,5.44,796209.05
2025-01-06,5.42,5.36,5.56,5.25,471357.0
2025-01-07,5.34,5.35,5.44,5.17,378869.19
2025-01-08,5.28,5.24,5.3,5.04,422734.99
2025-01-09,5.2,5.12,5.25,5.08,276628.99
2025-01-10,5.1,4.8,5.13,4.79,373178.99
2025-01-13,4.73,4.68,4.75,4.61,312877.11
2025-01-14,4.88,4.91,4.93,4.76,298347.54
2025-01-15,4.9,4.96,5.04,4.89,268664.64
2025-01-16,4.99,5.08,5.27,4.98,352268.5
2025-01-17,5.07,4.97,5.09,4.94,207972.98
2025-01-20,5.0,5.07,5.09,4.96,211680.36
2025-01-21,5.1,5.02,5.11,4.95,164092.98
2025-01-22,5.01,4.95,5.01,4.91,137805.98
2025-01-23,4.99,4.97,5.08,4.97,197380.74
2025-01-24,4.98,5.06,5.09,4.91,193934.98
2025-01-27,5.08,5.06,5.15,5.06,188974.73
2025-02-05,5.12,5.16,5.23,5.04,275596.98
2025-02-06,5.13,5.15,5.17,5.09,176335.03
2025-02-07,5.14,5.16,5.2,5.11,223814.98
2025-02-10,5.15,5.31,5.32,5.14,264984.96
2025-02-11,5.32,5.58,5.68,5.32,530506.96
2025-02-12,5.54,5.56,5.56,5.43,255470.99
2025-02-13,5.52,5.55,5.59,5.44,175913.99
2025-02-14,5.54,5.65,5.67,5.53,241200.0
2025-02-17,5.69,5.8,6.07,5.69,529142.06
2025-02-18,5.78,5.67,5.87,5.67,245540.02
2025-02-19,5.74,6.21,6.24,5.74,736540.98
2025-02-20,6.16,6.51,6.56,6.12,635011.46
2025-02-21,6.48,6.22,6.51,6.2,497042.45
2025-02-24,6.21,6.51,6.64,6.18,372155.21
2025-02-25,6.47,6.73,6.92,6.42,472694.19
2025-02-26,6.68,6.61,6.8,6.58,218017.99
2025-02-27,6.68,6.83,6.94,6.62,322205.58
2025-02-28,6.78,6.51,6.83,6.5,259746.8
2025-03-03,6.52,6.5,6.69,6.43,193742.99
2025-03-04,6.46,6.69,6.76,6.37,208060.0
2025-03-05,6.71,7.28,7.36,6.69,468889.01
2025-03-06,7.28,7.71,7.81,7.19,541432.2
2025-03-07,7.7,7.46,7.88,7.4,319256.06
2025-03-10,7.49,7.4,7.61,7.31,204052.85
2025-03-11,7.37,7.8,7.93,7.18,395986.72
2025-03-12,7.88,8.57,8.57,7.84,536447.48
2025-03-13,8.57,8.92,9.43,8.52,912758.24
2025-03-14,9.08,8.86,9.25,8.58,621179.11
2025-03-17,8.87,8.53,9.13,8.45,494494.92
2025-03-18,8.57,8.9,8.97,8.33,704223.85
2025-03-19,8.68,8.6,8.91,8.5,484446.77
2025-03-20,8.53,8.58,8.76,8.47,282081.78
2025-03-21,8.48,8.05,8.56,8.0,495259.01
2025-03-24,8.01,8.02,8.08,7.82,227138.75
2025-03-25,8.02,7.85,8.03,7.81,146973.98
2025-03-26,7.87,7.65,7.88,7.61,170535.0
2025-03-27,7.61,7.98,8.38,7.6,370696.55
2025-03-28,8.05,8.04,8.19,7.93,247296.98
2025-03-31,7.95,8.01,8.11,7.75,191283.58
2025-04-01,8.05,8.2,8.36,7.9,302448.99
2025-04-02,8.28,8.72,8.97,8.2,446673.4
2025-04-03,8.58,8.68,8.82,8.54,269593.84
2025-04-07,7.88,7.82,8.05,7.82,190874.99
2025-04-08,7.49,7.6,7.8,7.21,306573.05
2025-04-09,7.4,8.04,8.16,6.96,275322.56
2025-04-10,8.17,8.23,8.42,8.09,225037.5
2025-04-11,8.33,8.73,8.94,8.33,376474.13
2025-04-14,8.73,9.41,9.41,8.73,407960.09
2025-04-15,9.32,9.24,9.41,8.85,322218.43
2025-04-16,9.39,8.86,9.45,8.75,238313.04
2025-04-17,8.82,8.55,9.02,8.49,329854.3
2025-04-18,8.43,8.57,8.68,8.27,249178.0
2025-04-21,8.64,9.42,9.42,8.48,331753.65
2025-04-22,9.72,9.69,10.15,9.38,594551.99
2025-04-23,9.25,8.91,9.6,8.87,559216.94
2025-04-24,9.09,8.82,9.15,8.69,357739.52
2025-04-25,8.83,8.89,9.14,8.67,263315.99
2025-04-28,8.86,9.35,9.46,8.68,357386.65
2025-04-29,9.54,10.29,10.29,9.53,999728.6
2025-04-30,10.06,9.75,10.23,9.64,702328.15
2025-05-06,9.81,10.25,10.4,9.76,570807.73
2025-05-07,10.24,9.76,10.25,9.68,445226.2
2025-05-08,9.58,9.29,9.84,9.27,449570.73
2025-05-09,9.26,9.62,9.69,9.23,368753.77
2025-05-12,9.29,9.2,9.4,8.9,377055.27
2025-05-13,9.07,9.36,9.52,8.88,352300.3
2025-05-14,9.26,9.37,9.46,9.05,274916.2
2025-05-15,9.25,9.15,9.29,8.88,268959.0
2025-05-16,9.22,9.78,10.06,9.22,526815.18
2025-05-19,9.84,10.1,10.24,9.81,453537.08
2025-05-20,10.11,11.12,11.12,10.09,546331.84
2025-05-21,11.43,12.04,12.23,11.21,934624.05
2025-05-22,11.93,11.59,11.93,11.45,541804.03
2025-05-23,11.44,11.5,11.78,11.2,371796.23
2025-05-26,11.85,11.77,12.26,11.56,463875.02
2025-05-27,11.95,12.62,12.94,11.66,720158.23
2025-05-28,12.22,13.45,13.79,12.17,625474.32
2025-05-29,13.02,13.36,14.02,12.49,526701.21
2025-05-30,13.36,14.16,14.7,13.11,740199.39
2025-06-03,14.59,15.58,15.58,13.83,721034.36
2025-06-04,15.13,17.14,17.14,15.13,581927.01
2025-06-05,17.81,15.43,18.18,15.43,1107784.33
2025-06-06,14.89,14.44,15.32,14.24,1003795.88
2025-06-09,14.46,14.42,14.71,13.91,604222.65
2025-06-10,14.39,14.51,15.1,14.33,633211.0
2025-06-11,14.41,14.65,14.99,14.26,506634.99
2025-06-12,14.73,15.91,16.12,14.59,674046.66
2025-06-13,16.66,15.88,16.85,15.5,660037.57
2025-06-16,15.68,15.18,15.68,15.03,578771.44
2025-06-17,15.0,14.76,15.29,14.7,442672.84
2025-06-18,14.52,14.48,14.71,14.32,336990.67
2025-06-19,14.48,13.93,14.68,13.8,419415.55
2025-06-20,13.7,14.0,14.25,13.67,281536.0
2025-06-23,13.88,14.08,14.26,13.64,313234.0
2025-06-24,13.99,13.86,14.45,13.74,288026.5
2025-06-25,13.9,13.75,14.11,13.65,247030.08
2025-06-26,13.65,13.6,13.74,13.16,278661.33
2025-06-27,13.64,13.7,13.95,13.49,243868.95
2025-06-30,13.8,14.63,14.86,13.77,566152.39
2025-07-01,14.67,14.8,15.06,14.32,424767.99
2025-07-02,14.95,14.4,15.14,14.36,267458.23
2025-07-03,14.26,14.7,15.05,14.2,267825.63
2025-07-04,14.5,14.29,14.6,13.74,301583.91
2025-07-07,14.02,14.91,15.5,13.95,383717.0
2025-07-08,14.91,15.26,15.8,14.87,386849.5
2025-07-09,15.02,15.07,15.44,14.9,216536.0
2025-07-10,15.0,14.66,15.07,14.38,256511.98
2025-07-11,14.52,14.33,14.8,14.3,191327.0
2025-07-14,14.33,14.42,14.5,14.15,181531.98
2025-07-15,14.2,13.4,14.22,13.02,546546.68
2025-07-16,13.26,13.55,13.61,13.2,218062.55
2025-07-17,13.62,13.36,13.63,13.13,225508.77
2025-07-18,13.31,13.42,13.49,13.17,171178.06
2025-07-21,13.48,13.4,13.68,13.31,150644.0
2025-07-22,13.55,13.29,13.98,13.26,354547.58
2025-07-23,13.22,13.55,13.65,13.14,251544.97
2025-07-24,13.59,14.28,14.59,13.56,379058.54
2025-07-25,14.14,14.17,14.65,14.0,215225.98
2025-07-28,14.06,13.74,14.2,13.58,201107.77
2025-07-29,13.67,14.09,14.09,13.63,157800.01
2025-07-30,14.01,14.68,15.05,13.86,363275.99
2025-07-31,14.6,14.38,14.71,14.06,287675.34
2025-08-01,14.38,14.22,14.48,14.0,168289.5
2025-08-04,14.37,15.16,15.28,14.3,320907.45
2025-08-05,15.08,15.48,15.89,15.04,246321.04
2025-08-06,15.42,16.44,16.53,15.22,303711.96
2025-08-07,16.3,17.0,17.68,16.06,368063.53
2025-08-08,17.1,16.59,17.35,16.36,294990.66
2025-08-11,16.33,15.69,16.33,15.6,347485.12
2025-08-12,15.7,15.79,15.85,15.61,152252.98
2025-08-13,15.88,15.92,15.99,15.43,223120.86
2025-08-14,15.93,15.02,15.99,14.97,292718.14
2025-08-15,15.07,15.26,15.43,14.96,179611.0
2025-08-18,15.25,15.36,15.52,15.0,210857.48
2025-08-19,15.47,14.96,15.47,14.87,209073.37
2025-08-20,14.9,15.59,15.68,14.87,290931.96
2025-08-21,15.81,15.97,16.28,15.52,290021.31
2025-08-22,16.03,15.2,16.15,15.12,387855.47
2025-08-25,15.35,15.28,15.4,15.0,271751.72
2025-08-26,15.32,15.24,15.68,15.2,250656.21
2025-08-27,15.25,14.36,15.25,14.33,322238.99
2025-08-28,14.35,14.25,14.53,13.65,289818.56
2025-08-29,14.2,14.76,15.14,14.15,333666.21
2025-09-01,15.32,15.79,16.2,15.02,427046.04
2025-09-02,16.0,16.5,16.62,15.68,469761.01
2025-09-03,16.75,15.9,17.09,15.82,373300.53
2025-09-04,15.7,15.82,16.01,15.31,258084.48
2025-09-05,15.82,15.67,15.82,15.08,265889.02
2025-09-08,15.71,15.53,15.99,15.41,200278.86
2025-09-09,15.81,16.05,16.55,15.6,376343.91
2025-09-10,15.54,15.05,15.74,14.9,360311.39
2025-09-11,14.9,15.16,15.24,14.66,220956.49
2025-09-12,15.04,15.2,15.44,14.97,155380.0
2025-09-15,15.25,15.2,15.44,14.72,199744.49
2025-09-16,15.31,14.97,15.41,14.83,128002.05
2025-09-17,14.82,14.75,14.93,14.65,116008.0
2025-09-18,14.75,15.06,15.46,14.45,228394.28
2025-09-19,14.97,15.09,15.19,14.61,176020.49
2025-09-22,15.09,15.83,15.85,15.08,353400.35
2025-09-23,15.76,15.43,15.88,15.14,168812.85
2025-09-24,15.25,15.73,16.04,15.18,178436.55
2025-09-25,15.63,14.81,15.63,14.76,255545.0
2025-09-26,14.72,14.96,15.06,14.54,113845.0
2025-09-29,14.85,14.17,14.9,13.97,254214.28
2025-09-30,14.28,14.29,14.58,14.13,128479.0
