date,open,close,high,low,volume
2020-01-02,5.58,5.51,5.62,5.44,44997.54
2020-01-03,5.5,5.72,5.95,5.48,96896.64
2020-01-06,5.7,5.77,5.9,5.65,84928.03
2020-01-07,5.84,6.24,6.28,5.84,158987.15
2020-01-08,6.23,6.22,6.47,6.14,151041.8
2020-01-09,6.32,6.34,6.54,6.32,86479.58
2020-01-10,6.34,6.29,6.42,6.24,68041.0
2020-01-13,6.27,6.37,6.38,6.19,62953.01
2020-01-14,6.46,6.26,6.46,6.2,68741.01
2020-01-15,6.26,6.18,6.29,6.13,38955.0
2020-01-16,6.19,6.12,6.23,6.09,37509.5
2020-01-17,6.21,6.09,6.26,6.04,46837.0
2020-01-20,6.06,6.03,6.11,5.92,51783.16
2020-01-21,5.9,6.14,6.32,5.9,85776.66
2020-01-22,6.7,6.76,6.76,6.36,187104.23
2020-01-23,6.63,6.85,7.27,6.44,194693.54
2020-02-03,6.16,6.16,6.26,6.16,85761.0
2020-02-04,5.99,6.49,6.56,5.99,153366.95
2020-02-05,6.34,6.82,7.0,6.25,164710.16
2020-02-06,6.81,7.49,7.5,6.74,195999.54
2020-02-07,7.38,7.65,7.84,7.2,193686.32
2020-02-10,7.59,7.93,8.04,7.51,166619.72
2020-02-11,8.13,8.2,8.38,8.12,183330.52
2020-02-12,8.6,8.2,8.9,8.1,311584.0
2020-02-13,8.39,8.54,8.78,8.2,268168.47
2020-02-14,8.37,9.39,9.39,8.23,456846.21
2020-02-17,9.56,9.28,9.58,8.74,316163.17
2020-02-18,9.27,9.17,9.75,9.07,272996.81
2020-02-19,9.26,8.64,9.51,8.44,253669.98
2020-02-20,8.64,8.76,8.92,8.55,165431.75
2020-02-21,8.87,8.71,8.88,8.68,134036.34
2020-02-24,8.57,8.52,8.94,8.38,229754.45
2020-02-25,8.49,8.27,8.49,7.96,216423.92
2020-02-26,8.21,8.18,8.47,8.04,174120.0
2020-02-27,8.43,9.0,9.0,8.29,242890.84
2020-02-28,8.63,8.34,8.97,8.3,208454.1
2020-03-02,8.39,8.38,8.66,8.22,156566.39
2020-03-03,8.53,8.12,8.62,8.0,207566.82
2020-03-04,8.03,7.89,8.14,7.68,182289.34
2020-03-05,8.02,8.06,8.34,7.88,169301.74
2020-03-06,7.95,8.17,8.25,7.89,110665.63
2020-03-09,7.98,7.72,7.98,7.65,123230.24
2020-03-10,7.44,7.87,7.94,7.41,110791.14
2020-03-11,7.91,7.76,8.19,7.7,88574.24
2020-03-12,7.63,7.55,7.71,7.4,104058.0
2020-03-13,7.17,7.35,7.44,7.1,117469.55
2020-03-16,7.39,6.85,7.49,6.63,182364.24
2020-03-17,6.79,6.59,7.0,6.41,157677.42
2020-03-18,6.73,6.42,6.93,6.4,147107.51
2020-03-19,6.41,6.41,6.61,6.25,160627.52
2020-03-20,6.49,6.32,6.58,6.22,109279.24
2020-03-23,6.18,5.88,6.23,5.86,125390.57
2020-03-24,6.02,5.88,6.07,5.61,113083.84
2020-03-25,6.0,6.07,6.24,6.0,112986.01
2020-03-26,6.06,6.24,6.27,5.94,171521.78
2020-03-27,6.32,6.2,6.36,6.14,112610.02
2020-03-30,6.11,6.37,6.53,6.11,198966.95
2020-03-31,6.43,6.16,6.55,6.14,169614.96
2020-04-01,6.04,6.14,6.33,6.01,105335.11
2020-04-02,6.1,6.49,6.53,6.04,192064.1
2020-04-03,6.57,6.4,6.62,6.36,103428.0
2020-04-07,6.54,6.58,6.72,6.46,120194.93
2020-04-08,6.54,6.53,6.63,6.41,90854.02
2020-04-09,6.56,6.46,6.6,6.43,72906.0
2020-04-10,6.47,6.23,6.48,6.18,90975.0
2020-04-13,6.11,6.23,6.29,6.07,81936.0
2020-04-14,6.29,6.56,6.7,6.29,142585.23
2020-04-15,6.72,6.84,7.12,6.58,208978.73
2020-04-16,6.77,6.93,7.07,6.74,138661.18
2020-04-17,7.2,7.39,7.58,7.08,276024.28
2020-04-20,7.32,7.1,7.32,7.05,204446.0
2020-04-21,7.05,6.89,7.06,6.76,132394.03
2020-04-22,6.79,7.17,7.18,6.77,154518.98
2020-04-23,7.12,6.94,7.12,6.91,105926.62
2020-04-24,6.94,6.91,7.03,6.83,74840.75
2020-04-27,6.83,6.74,6.94,6.69,78128.87
2020-04-28,6.75,6.98,7.06,6.24,168291.4
2020-04-29,6.88,7.15,7.25,6.83,161444.24
2020-04-30,7.28,7.53,7.73,7.26,222063.63
2020-05-06,7.41,7.53,7.6,7.39,124555.46
2020-05-07,7.53,7.55,7.72,7.42,120654.56
2020-05-08,7.63,7.45,7.65,7.4,116592.24
2020-05-11,7.36,7.56,7.59,7.36,92168.25
2020-05-12,7.53,7.62,7.68,7.46,96736.25
2020-05-13,7.61,7.54,7.65,7.47,58089.77
2020-05-14,7.33,7.32,7.44,7.22,110875.48
2020-05-15,7.36,7.28,7.4,7.25,58007.49
2020-05-18,7.34,7.28,7.47,7.23,80351.5
2020-05-19,7.44,7.45,7.68,7.39,119671.87
2020-05-20,7.62,7.54,7.75,7.49,152657.55
2020-05-21,7.57,7.32,7.61,7.32,89177.08
2020-05-22,7.23,7.07,7.34,7.07,64395.08
2020-05-25,6.94,6.97,7.14,6.93,51081.18
2020-05-26,6.96,7.09,7.11,6.96,41506.0
2020-05-27,7.04,6.89,7.11,6.86,54642.23
2020-05-28,6.9,6.77,6.98,6.63,71297.1
2020-05-29,6.77,6.9,6.96,6.69,71856.21
2020-06-01,6.99,7.14,7.16,6.94,68216.93
2020-06-02,7.15,7.08,7.22,7.03,63397.44
2020-06-03,7.12,6.96,7.13,6.96,75954.62
2020-06-04,6.95,6.96,7.01,6.89,46665.16
2020-06-05,6.97,6.96,7.0,6.86,35905.66
2020-06-08,6.99,7.35,7.35,6.96,119991.27
2020-06-09,7.35,7.28,7.38,7.19,91867.01
2020-06-10,7.24,7.48,7.59,7.24,136197.91
2020-06-11,7.46,7.43,7.64,7.37,115806.9
2020-06-12,7.21,7.39,7.49,7.17,80086.27
2020-06-15,7.31,7.31,7.45,7.18,76977.52
2020-06-16,7.37,7.43,7.54,7.33,76657.49
2020-06-17,7.46,7.49,7.53,7.39,73164.63
2020-06-18,7.51,7.41,7.51,7.38,57858.01
2020-06-19,7.42,7.45,7.5,7.32,85896.26
2020-06-22,7.5,7.72,7.8,7.46,139790.68
2020-06-23,7.75,8.01,8.05,7.64,172389.46
2020-06-24,8.05,8.72,8.74,8.05,244521.69
2020-06-29,8.67,9.12,9.59,8.54,328290.42
2020-06-30,9.09,9.16,9.32,9.02,180365.58
2020-07-01,9.17,8.89,9.38,8.76,198793.31
2020-07-02,9.02,9.09,9.19,8.83,131388.1
2020-07-03,9.14,8.92,9.17,8.78,128953.56
2020-07-06,9.01,9.26,9.29,8.85,159335.25
2020-07-07,9.38,9.39,9.47,9.12,182121.7
2020-07-08,9.38,9.45,9.74,9.22,192356.1
2020-07-09,9.74,9.57,9.75,9.41,146682.6
2020-07-10,9.47,9.58,9.7,9.25,154694.6
2020-07-13,9.65,10.37,10.54,9.59,225481.2
2020-07-14,10.83,10.66,10.97,10.05,266970.01
2020-07-15,10.66,10.98,11.61,10.66,290461.81
2020-07-16,11.01,10.41,11.14,10.38,194079.25
2020-07-17,10.63,11.19,11.21,10.34,195865.24
2020-07-20,11.46,11.15,11.58,10.73,202507.0
2020-07-21,11.18,11.22,11.98,11.13,178658.46
2020-07-22,11.1,11.06,11.26,10.68,139296.3
2020-07-23,10.83,11.73,11.76,10.82,210868.88
2020-07-24,11.73,10.93,11.75,10.88,164691.69
2020-07-27,11.02,11.38,11.75,11.02,143468.94
2020-07-28,11.41,10.77,11.58,10.54,196042.34
2020-07-29,10.73,11.2,11.25,10.5,139065.02
2020-07-30,11.23,11.22,11.39,10.78,126672.68
2020-07-31,11.13,11.38,11.88,11.05,165072.4
2020-08-03,11.68,11.3,11.85,11.15,154811.45
2020-08-04,11.22,10.81,11.27,10.73,152999.93
2020-08-05,10.88,10.74,10.99,10.61,101506.77
2020-08-06,10.77,10.41,10.82,10.18,152394.21
2020-08-07,10.24,9.99,10.46,9.77,218003.39
2020-08-10,10.19,10.3,10.47,9.9,159953.22
2020-08-11,10.37,10.03,10.61,9.97,103421.76
2020-08-12,9.9,9.95,10.08,9.58,104525.01
2020-08-13,9.98,9.97,10.24,9.86,134612.0
2020-08-14,10.11,10.02,10.49,9.74,132540.55
2020-08-17,10.13,10.05,10.23,9.85,180909.26
2020-08-18,10.12,11.05,11.05,10.05,374709.43
2020-08-19,11.0,10.59,11.16,10.58,219944.0
2020-08-20,10.4,10.16,10.63,10.11,136880.74
2020-08-21,10.29,11.18,11.18,10.24,302994.02
2020-08-24,11.29,11.47,11.48,11.06,330411.92
2020-08-25,11.36,11.29,11.76,11.12,207349.98
2020-08-26,11.3,11.02,11.55,10.78,160250.44
2020-08-27,10.86,11.17,11.31,10.64,167977.13
2020-08-28,11.19,11.2,11.27,10.79,117726.4
2020-08-31,11.16,10.89,11.35,10.87,95479.11
2020-09-01,10.83,11.97,11.97,10.78,184454.61
2020-09-02,12.29,12.69,12.91,12.29,276297.69
2020-09-03,12.76,12.33,12.88,12.19,159530.69
2020-09-04,12.0,12.08,12.29,11.88,120214.56
2020-09-07,12.12,11.46,12.12,11.42,118934.67
2020-09-08,11.52,11.52,11.66,11.24,125010.05
2020-09-09,11.27,11.08,11.41,11.03,84514.26
2020-09-10,11.42,11.05,11.51,10.97,74029.75
2020-09-11,10.97,12.16,12.16,10.88,134174.71
2020-09-14,12.73,13.1,13.37,12.71,413984.14
2020-09-15,13.11,13.07,13.44,12.88,251520.25
2020-09-16,13.31,14.04,14.37,13.26,388672.73
2020-09-17,13.82,14.19,15.0,13.78,366829.17
2020-09-18,14.42,14.1,14.5,13.84,238664.37
2020-09-21,14.34,14.64,15.12,14.17,218589.89
2020-09-22,14.58,13.99,14.58,13.93,172981.51
2020-09-23,14.27,15.39,15.39,14.18,177445.75
2020-09-24,15.46,15.09,16.36,14.87,312884.22
2020-09-25,15.44,15.02,15.53,14.68,179419.25
2020-09-28,15.37,16.41,16.52,15.21,301977.19
2020-09-29,16.49,16.95,17.44,16.14,241478.1
2020-09-30,17.02,17.27,17.7,16.7,190211.63
2020-10-09,18.92,19.0,19.0,18.34,151657.11
2020-10-12,19.51,19.77,19.9,18.78,238108.35
2020-10-13,19.51,19.39,19.59,18.78,159601.88
2020-10-14,19.21,19.81,21.26,19.03,211797.96
2020-10-15,20.0,19.44,20.0,18.43,196755.2
2020-10-16,19.5,19.11,19.58,18.62,141461.57
2020-10-19,19.35,17.75,19.63,17.53,228523.59
2020-10-20,17.75,18.72,19.0,17.62,172440.0
2020-10-21,19.04,19.03,19.85,18.06,212439.08
2020-10-22,18.53,18.27,18.7,17.61,141966.59
2020-10-23,18.37,17.34,18.49,16.83,147820.85
2020-10-26,16.92,17.85,18.08,16.58,180140.36
2020-10-27,17.75,18.7,18.7,17.41,163164.36
2020-10-28,18.29,19.17,19.75,18.15,213925.45
2020-10-29,18.53,19.58,19.73,18.53,111621.9
2020-10-30,19.56,18.69,19.79,18.45,144756.52
2020-11-02,18.63,20.56,20.56,18.26,225613.18
2020-11-03,21.0,20.67,21.26,20.15,153114.47
2020-11-04,20.48,19.31,20.79,18.9,235396.48
2020-11-05,19.68,19.77,20.14,19.17,139258.21
2020-11-06,20.31,17.79,20.31,17.79,281946.31
2020-11-09,16.01,16.01,16.01,16.01,21198.0
2020-11-10,14.89,16.33,16.97,14.45,690727.96
2020-11-11,15.26,15.12,16.05,14.88,341387.71
2020-11-12,15.26,14.85,15.36,14.41,237851.2
2020-11-13,14.97,14.86,15.07,14.58,170286.69
2020-11-16,14.87,14.62,14.87,13.94,235909.41
2020-11-17,14.78,14.12,14.93,13.94,164358.36
2020-11-18,14.05,14.14,14.43,13.9,142789.25
2020-11-19,14.14,14.87,15.09,13.84,209879.35
2020-11-20,14.86,15.14,15.29,14.61,155071.25
2020-11-23,15.16,15.66,15.93,14.79,193076.5
2020-11-24,15.64,16.28,16.65,15.34,176020.7
2020-11-25,16.31,16.3,17.06,15.95,151407.63
2020-11-26,16.21,16.46,16.57,15.66,116880.39
2020-11-27,16.39,16.07,16.48,15.85,83500.05
2020-11-30,16.07,16.07,16.1,15.42,161026.76
2020-12-01,15.74,15.9,16.16,15.56,112069.36
2020-12-02,15.92,16.07,16.31,15.8,95904.12
2020-12-03,16.19,15.58,16.19,15.55,73008.19
2020-12-04,15.55,15.61,15.7,15.4,65545.7
2020-12-07,15.85,16.01,16.2,15.61,83951.37
2020-12-08,15.95,16.09,16.24,15.71,85788.77
2020-12-09,16.12,15.55,16.34,15.51,79125.77
2020-12-10,15.61,16.39,16.65,15.14,153258.82
2020-12-11,16.41,16.98,17.61,16.27,181248.46
2020-12-14,17.22,18.36,18.66,17.07,229339.06
2020-12-15,18.43,18.27,18.46,17.76,117590.42
2020-12-16,18.78,18.14,19.23,18.04,131892.04
2020-12-17,18.04,18.1,18.29,17.56,94251.57
2020-12-18,18.12,18.71,19.07,17.91,111929.36
2020-12-21,19.26,20.58,20.58,19.24,169407.21
2020-12-22,20.49,21.34,22.24,20.29,200548.99
2020-12-23,21.59,23.15,23.46,21.59,195915.24
2020-12-24,23.41,22.26,23.41,22.0,115631.42
2020-12-25,22.26,22.82,22.92,21.13,155211.5
2020-12-28,22.45,21.3,22.45,20.98,186011.0
2020-12-29,21.07,20.05,21.23,19.85,167576.41
2020-12-30,20.15,19.3,20.6,18.97,292123.88
2020-12-31,19.95,19.86,20.48,19.08,268389.08
2021-01-04,20.0,21.02,21.51,19.61,266837.69
2021-01-05,20.73,20.63,21.36,20.06,208405.77
2021-01-06,20.35,19.4,20.36,18.99,263721.82
2021-01-07,19.69,19.87,20.14,18.78,276973.72
2021-01-08,19.88,18.51,19.95,17.89,353946.9
2021-01-11,18.07,18.28,18.73,17.54,194728.26
2021-01-12,18.12,18.84,18.96,17.9,168662.75
2021-01-13,18.83,18.89,19.37,18.29,170038.5
2021-01-14,18.89,18.71,19.12,17.8,172081.35
2021-01-15,18.51,18.91,19.1,18.08,108469.91
2021-01-18,18.59,18.73,18.87,17.99,123057.42
2021-01-19,18.74,18.18,19.17,18.04,122985.5
2021-01-20,18.18,19.05,19.25,18.0,172338.39
2021-01-21,19.09,20.0,20.29,18.97,198539.84
2021-01-22,20.0,20.14,20.86,19.75,229705.22
2021-01-25,20.73,20.53,21.45,20.0,255212.65
2021-01-26,20.09,20.24,20.92,19.7,162268.51
2021-01-27,20.17,20.58,20.87,18.29,213245.83
2021-01-28,19.7,18.52,19.93,18.52,227367.37
2021-01-29,18.39,17.41,19.01,17.07,198203.42
2021-02-01,16.29,17.17,17.35,16.29,157827.0
2021-02-02,17.31,17.94,18.26,17.07,137764.02
2021-02-03,17.95,18.09,19.51,17.92,161231.46
2021-02-04,17.91,18.26,18.47,17.91,107244.98
2021-02-05,18.27,18.74,19.31,18.26,152371.05
2021-02-08,18.53,18.04,18.72,17.36,152488.9
2021-02-09,17.87,19.47,19.79,17.77,193092.52
2021-02-10,19.82,19.48,20.6,19.36,237281.63
2021-02-18,19.83,19.04,20.46,19.02,197966.72
2021-02-19,18.77,17.71,18.99,17.35,228313.43
2021-02-22,17.71,17.85,18.84,17.51,184285.5
2021-02-23,17.85,17.64,18.27,17.17,136217.53
2021-02-24,17.63,17.06,17.63,16.73,159249.48
2021-02-25,17.13,16.49,17.21,16.29,126523.86
2021-02-26,15.85,16.23,16.27,15.53,86777.63
2021-03-01,16.52,16.68,16.79,16.4,77653.31
2021-03-02,16.72,16.1,16.77,15.78,130744.42
2021-03-03,15.95,16.18,16.2,15.66,83397.82
2021-03-04,16.2,15.3,16.21,15.26,107077.61
2021-03-05,14.88,15.17,15.41,14.8,81346.44
2021-03-08,15.17,13.98,15.34,13.83,139555.23
2021-03-09,13.85,13.33,14.02,12.97,157580.28
2021-03-10,13.98,13.35,13.98,13.26,109313.73
2021-03-11,13.37,13.75,13.89,13.23,114758.26
2021-03-12,13.94,13.7,13.94,13.25,115639.73
2021-03-15,13.61,13.37,13.64,13.19,92948.12
2021-03-16,13.36,13.3,13.48,13.03,67015.44
2021-03-17,13.26,13.38,13.48,12.99,67781.78
2021-03-18,13.38,13.41,13.49,13.24,60675.0
2021-03-19,13.07,13.3,13.34,12.98,74351.4
2021-03-22,13.26,13.14,13.45,12.96,89784.68
2021-03-23,13.1,12.78,13.17,12.63,73328.93
2021-03-24,12.71,12.52,12.89,12.48,50420.73
2021-03-25,12.51,12.79,12.92,12.33,60755.5
2021-03-26,12.82,13.17,13.24,12.79,103994.23
2021-03-29,13.12,13.24,13.26,12.95,60936.33
2021-03-30,12.86,13.45,13.54,12.22,250826.41
2021-03-31,13.65,14.08,14.19,13.65,223870.36
2021-04-01,13.87,14.68,15.29,13.87,171540.08
2021-04-02,14.78,14.51,14.84,14.29,93304.49
2021-04-06,14.54,14.57,14.99,14.23,134689.69
2021-04-07,14.43,14.85,14.89,13.86,135794.16
2021-04-08,14.61,14.32,14.61,14.14,104528.41
2021-04-09,14.26,13.95,14.37,13.74,85934.45
2021-04-12,13.84,13.09,14.02,13.01,93233.52
2021-04-13,13.29,12.86,13.3,12.83,64506.03
2021-04-14,12.86,13.32,13.52,12.86,90945.75
2021-04-15,13.18,13.78,13.82,13.14,81200.6
2021-04-16,13.69,14.25,15.16,13.29,208152.92
2021-04-19,13.93,14.16,14.31,13.58,147865.9
2021-04-20,14.11,15.26,15.56,13.91,252716.56
2021-04-21,15.26,14.47,15.26,14.39,169192.06
2021-04-22,14.46,14.22,14.62,14.2,86348.48
2021-04-23,14.33,14.21,14.62,14.13,90977.2
2021-04-26,14.22,13.51,14.53,13.48,155786.03
2021-04-27,13.56,13.47,13.6,13.07,110184.52
2021-04-28,13.47,13.64,13.69,13.17,78893.73
2021-04-29,13.05,13.28,13.41,12.49,154602.74
2021-04-30,13.17,12.7,13.23,11.95,797046.72
2021-05-06,12.27,13.07,13.31,12.27,284822.89
2021-05-07,13.09,12.64,13.56,12.53,200658.77
2021-05-10,12.63,12.45,13.01,12.34,155777.05
2021-05-11,12.65,12.19,12.68,12.0,128470.46
2021-05-12,12.14,12.36,12.39,11.99,82220.35
2021-05-13,12.21,12.63,12.8,12.13,113841.39
2021-05-14,12.62,12.67,12.78,12.38,101973.14
2021-05-17,12.72,13.36,13.41,12.69,196375.47
2021-05-18,13.75,13.68,14.41,13.52,371496.75
2021-05-19,13.66,13.75,14.09,13.42,238329.01
2021-05-20,13.75,13.88,14.3,13.69,176541.32
2021-05-21,14.29,14.77,14.87,14.26,278212.36
2021-05-24,14.43,14.62,14.73,13.82,276838.0
2021-05-25,14.41,14.67,14.77,14.34,158976.26
2021-05-26,14.67,14.71,15.02,14.42,143091.57
2021-05-27,14.65,14.66,14.82,14.34,149765.33
2021-05-28,14.67,15.17,15.94,14.61,251353.28
2021-05-31,15.24,16.68,16.68,15.24,322952.22
2021-06-01,16.68,17.01,17.74,16.53,310564.31
2021-06-02,17.39,17.01,18.56,16.73,359811.21
2021-06-03,17.03,16.69,17.26,16.39,152016.28
2021-06-04,16.79,16.47,16.79,16.05,169305.05
2021-06-07,17.07,16.14,17.29,15.65,260736.25
2021-06-08,16.09,15.89,16.55,15.73,155107.29
2021-06-09,15.92,15.8,16.01,15.62,82891.88
2021-06-10,16.58,17.38,17.38,16.58,195389.81
2021-06-11,18.22,18.97,19.11,17.95,597623.34
2021-06-15,18.97,18.43,19.17,18.14,381693.16
2021-06-16,18.43,17.51,18.48,17.17,279442.09
2021-06-17,17.65,18.48,18.87,17.53,246462.21
2021-06-18,18.62,19.57,19.84,18.62,213809.55
2021-06-21,19.39,20.95,21.53,19.39,263684.92
2021-06-22,20.95,21.36,21.94,20.69,219171.79
2021-06-23,21.36,22.39,23.28,21.13,255344.05
2021-06-24,22.71,21.57,22.93,21.32,262478.38
2021-06-25,21.63,21.8,23.29,21.26,226410.45
2021-06-28,21.78,21.8,22.6,21.38,223552.64
2021-06-29,22.33,22.96,23.3,21.46,264837.95
2021-06-30,22.44,23.9,24.15,22.09,183144.79
2021-07-01,23.89,23.59,24.04,22.75,121366.19
2021-07-02,22.43,23.25,24.28,22.28,186170.91
2021-07-05,23.16,23.34,23.41,21.83,278381.66
2021-07-06,23.17,21.67,23.21,21.0,379419.85
2021-07-07,21.68,23.84,23.84,20.48,255401.34
2021-07-08,24.67,23.92,25.6,23.71,281118.08
2021-07-09,23.94,23.28,24.0,22.43,191153.15
2021-07-12,23.55,23.8,24.87,23.41,193831.34
2021-07-13,23.85,23.33,24.58,23.18,175595.19
2021-07-14,22.68,23.48,24.08,22.4,214662.66
2021-07-15,23.4,25.83,25.83,22.83,293062.6
2021-07-16,25.88,26.29,27.05,25.39,262295.25
2021-07-19,26.21,25.21,26.51,24.68,194322.54
2021-07-20,24.66,24.66,25.07,24.14,148487.29
2021-07-21,24.87,26.15,26.52,24.82,207702.85
2021-07-22,26.71,28.24,28.28,24.94,216228.86
2021-07-23,27.41,27.93,28.83,27.1,151982.61
2021-07-26,27.8,27.17,28.45,25.67,166998.11
2021-07-27,26.96,25.94,27.6,25.94,147468.19
2021-07-28,25.01,26.32,26.61,23.88,131222.12
2021-07-29,26.92,28.83,28.88,26.43,190339.5
2021-07-30,29.32,29.86,30.1,27.93,144919.42
2021-08-02,30.84,30.35,31.6,28.14,177909.49
2021-08-03,30.32,27.69,30.34,27.41,211767.33
2021-08-04,27.63,29.91,30.01,27.48,232106.0
2021-08-05,29.62,31.35,32.3,29.07,177581.98
2021-08-06,31.51,31.7,32.31,30.35,142204.49
2021-08-09,30.88,32.3,32.67,29.86,140146.4
2021-08-10,31.6,33.55,34.04,31.6,167320.46
2021-08-11,33.19,31.83,33.53,30.89,158029.56
2021-08-12,31.62,30.35,31.66,28.65,277406.2
2021-08-13,29.37,30.2,30.63,27.91,210424.44
2021-08-16,29.33,27.79,29.33,27.71,201399.74
2021-08-17,27.67,26.45,28.05,26.11,232317.64
2021-08-18,26.54,25.94,27.02,25.45,191437.11
2021-08-19,26.04,26.48,27.14,25.47,186047.44
2021-08-20,26.36,26.78,26.92,25.69,107701.94
2021-08-23,26.79,28.82,28.84,26.58,159810.81
2021-08-24,29.39,30.35,31.7,29.39,340750.86
2021-08-25,29.95,33.38,33.38,29.86,290867.85
2021-08-26,33.82,33.63,35.64,33.49,258109.25
2021-08-27,33.77,34.34,34.75,32.74,192428.8
2021-08-30,34.27,36.91,37.77,34.27,208562.08
2021-08-31,37.78,38.08,38.08,35.02,249432.86
2021-09-01,38.18,35.43,38.18,34.27,253076.73
2021-09-02,34.32,37.75,38.39,34.29,174407.43
2021-09-03,37.75,35.73,37.89,34.75,145100.08
2021-09-06,35.24,34.56,35.24,32.16,174664.31
2021-09-07,34.56,34.85,35.07,32.82,201133.74
2021-09-08,34.38,33.43,34.41,32.53,191004.13
2021-09-09,33.35,32.74,33.4,31.68,135028.08
2021-09-10,32.41,33.74,34.4,31.92,136607.59
2021-09-13,33.66,32.8,33.66,32.14,140604.99
2021-09-14,32.31,32.49,32.69,31.08,161140.38
2021-09-15,32.41,33.16,34.07,32.41,148981.39
2021-09-16,32.5,29.84,32.5,29.84,208872.64
2021-09-17,29.33,28.78,29.61,26.88,252950.83
2021-09-22,27.9,27.8,29.3,27.55,158951.23
2021-09-23,27.81,28.06,28.56,27.43,126316.16
2021-09-24,28.04,30.86,30.86,27.63,167358.0
2021-09-27,31.33,29.94,31.4,27.9,301475.76
2021-09-28,30.39,29.02,30.72,28.95,147951.37
2021-09-29,28.91,31.2,31.93,28.83,307897.06
2021-09-30,30.34,32.28,33.19,29.87,242452.38
2021-10-08,32.8,29.06,32.99,29.06,194601.43
2021-10-11,28.88,29.5,29.86,27.35,206325.99
2021-10-12,29.47,29.79,30.54,28.83,145327.8
2021-10-13,30.45,32.77,32.77,29.88,214977.66
2021-10-14,33.1,33.95,34.99,32.8,175254.22
2021-10-15,33.94,34.94,35.73,33.43,135079.74
2021-10-18,34.96,38.43,38.43,34.96,224433.95
2021-10-19,38.82,38.42,39.17,37.91,128814.79
2021-10-20,39.15,39.21,41.62,38.38,220076.73
2021-10-21,40.02,38.7,40.24,38.08,154362.98
2021-10-22,38.67,38.9,39.35,37.1,114445.64
2021-10-25,39.65,38.69,41.11,38.13,218348.87
2021-10-26,38.68,37.89,39.81,37.45,192458.18
2021-10-27,38.17,39.99,41.62,37.98,265070.64
2021-10-28,40.14,40.63,42.38,38.96,266048.9
2021-10-29,41.03,44.67,44.69,37.69,249150.46
2021-11-01,44.74,47.18,49.14,44.55,336515.23
2021-11-02,46.5,48.84,48.84,45.61,164668.06
2021-11-03,47.86,45.82,48.22,44.2,240023.24
2021-11-04,46.99,46.15,49.13,45.52,176286.99
2021-11-05,46.93,45.02,47.03,43.4,177656.21
2021-11-08,44.54,45.87,46.12,44.06,175076.44
2021-11-09,46.99,44.61,47.7,43.01,258242.55
2021-11-10,44.06,44.87,45.52,43.12,156928.18
2021-11-11,45.72,45.11,46.88,43.48,194101.97
2021-11-12,46.2,45.52,47.38,45.25,190700.83
2021-11-15,44.54,43.06,45.11,42.98,151722.18
2021-11-16,42.89,43.08,44.15,42.49,100905.54
2021-11-17,43.04,45.33,46.74,42.69,170788.57
2021-11-18,45.6,46.22,46.77,42.85,181400.63
2021-11-19,45.43,48.95,49.45,44.67,261034.57
2021-11-22,48.46,49.78,50.42,46.75,193299.24
2021-11-23,48.46,46.02,48.95,44.9,210505.77
2021-11-24,46.56,43.86,47.22,42.58,258148.2
2021-11-25,42.14,42.77,43.35,40.96,217544.64
2021-11-26,42.45,42.77,43.63,42.21,131095.84
2021-11-29,41.61,42.31,43.31,41.55,165866.08
2021-11-30,42.88,42.57,42.98,40.87,132615.86
2021-12-01,42.64,40.7,43.51,40.27,174964.45
2021-12-02,40.16,40.99,41.75,40.15,115603.0
2021-12-03,41.02,42.2,42.73,40.3,199858.96
2021-12-06,42.48,41.46,43.26,41.31,123518.5
2021-12-07,41.74,43.37,43.41,41.12,166576.17
2021-12-08,43.72,45.32,45.44,42.33,229011.62
2021-12-09,44.54,43.13,45.15,42.98,154471.75
2021-12-10,42.12,45.09,47.09,42.0,259179.42
2021-12-13,46.42,45.65,47.25,44.54,178235.46
2021-12-14,45.47,43.83,46.16,43.56,118543.06
2021-12-15,44.0,44.74,45.32,43.08,147102.21
2021-12-16,44.3,46.91,47.13,44.3,171028.4
2021-12-17,46.56,45.5,47.77,45.38,111220.12
2021-12-20,44.59,40.95,45.52,40.95,230931.49
2021-12-21,40.63,42.57,43.02,39.16,191157.0
2021-12-22,42.58,42.64,43.02,41.67,76372.12
2021-12-23,42.29,46.73,46.79,42.19,197398.45
2021-12-24,46.99,44.5,46.99,43.66,112489.85
2021-12-27,44.06,45.18,45.52,43.08,136231.06
2021-12-28,44.55,45.74,46.11,44.09,116657.97
2021-12-29,45.39,46.5,46.84,44.84,124880.15
2021-12-30,45.68,45.02,46.72,44.35,134408.53
2021-12-31,46.01,45.38,48.36,44.33,186874.16
2022-01-04,45.05,44.35,45.51,42.18,171997.98
2022-01-05,44.54,42.38,44.54,41.68,138493.79
2022-01-06,42.28,43.57,43.93,41.73,123395.01
2022-01-07,43.39,41.45,43.89,40.58,178330.06
2022-01-10,41.11,41.53,42.24,39.93,113345.21
2022-01-11,41.53,40.78,41.8,38.82,175855.43
2022-01-12,40.77,41.55,41.65,40.3,106996.89
2022-01-13,41.04,41.04,41.93,39.49,116478.66
2022-01-14,41.0,43.26,43.51,40.17,213350.43
2022-01-17,42.67,44.52,45.67,42.3,155767.63
2022-01-18,44.21,43.91,45.12,43.37,85314.22
2022-01-19,43.98,43.22,44.08,42.5,82387.09
2022-01-20,42.59,42.13,43.03,41.85,85938.24
2022-01-21,42.12,43.03,44.54,41.42,101547.88
2022-01-24,42.3,46.82,47.33,42.24,232733.93
2022-01-25,46.73,46.7,48.31,46.01,145596.62
2022-01-26,46.59,46.45,47.64,45.79,142819.36
2022-01-27,46.08,44.78,46.98,44.71,116671.34
2022-01-28,45.4,43.4,45.5,41.97,147959.38
2022-02-07,44.11,43.8,45.77,43.17,98060.31
2022-02-08,43.57,40.78,43.76,39.41,204812.27
2022-02-09,40.77,40.58,40.83,39.01,136000.98
2022-02-10,40.85,36.53,40.87,36.53,253906.79
2022-02-11,35.83,36.71,37.82,34.49,184395.32
2022-02-14,36.2,37.01,37.29,35.52,133506.29
2022-02-15,37.14,38.86,38.99,36.72,106428.46
2022-02-16,38.91,39.9,40.13,38.18,109725.26
2022-02-17,39.84,41.12,41.65,39.36,109384.71
2022-02-18,40.63,41.11,41.6,40.43,64500.64
2022-02-21,40.88,40.33,41.74,39.78,83597.71
2022-02-22,40.13,41.51,42.59,39.65,111784.84
2022-02-23,41.5,42.35,43.15,40.63,144033.08
2022-02-24,41.85,43.08,44.3,41.61,130958.64
2022-02-25,43.51,43.54,44.68,43.08,104544.76
2022-02-28,43.57,46.48,46.65,43.15,157762.65
2022-03-01,47.16,45.24,48.22,44.33,166319.08
2022-03-02,45.51,46.85,46.99,43.86,152364.77
2022-03-03,46.26,45.6,46.85,45.33,74095.97
2022-03-04,45.52,46.06,47.14,45.03,88493.96
2022-03-07,45.37,45.36,46.34,44.06,76904.9
2022-03-08,45.52,45.23,47.87,44.86,169632.37
2022-03-09,45.96,43.61,46.75,40.79,293182.92
2022-03-10,44.94,45.33,46.62,44.5,179563.68
2022-03-11,44.54,43.29,44.62,41.45,216415.72
2022-03-14,42.1,43.28,44.16,41.11,146951.82
2022-03-15,43.08,42.67,44.74,42.32,129701.57
2022-03-16,43.74,43.82,44.01,41.51,149046.5
2022-03-17,44.53,42.34,44.54,41.52,195278.65
2022-03-18,41.79,42.05,42.47,40.92,102696.98
2022-03-21,41.85,43.59,43.73,41.46,112869.3
2022-03-22,43.59,40.94,43.59,40.81,181684.24
2022-03-23,41.36,42.71,43.18,41.36,146307.72
2022-03-24,42.68,41.48,42.73,40.8,107027.72
2022-03-25,40.98,40.1,41.6,40.1,81886.95
2022-03-28,39.65,39.75,40.34,38.71,99828.98
2022-03-29,40.38,39.4,40.69,38.68,102713.63
2022-03-30,40.04,41.09,41.12,39.6,111638.78
2022-03-31,41.09,38.51,41.09,38.01,177817.67
2022-04-01,37.84,39.03,40.05,37.7,95757.65
2022-04-06,38.63,38.62,38.92,37.04,112969.38
2022-04-07,38.3,37.95,39.06,37.94,127196.5
2022-04-08,38.57,39.16,40.28,38.08,131616.25
2022-04-11,39.16,36.79,39.16,36.22,150257.73
2022-04-12,37.15,37.37,37.6,35.76,94438.67
2022-04-13,37.2,37.15,38.41,36.59,95160.42
2022-04-14,37.22,35.93,37.78,35.46,122176.34
2022-04-15,36.61,37.4,37.81,35.49,166623.2
2022-04-18,37.03,40.96,41.11,36.56,171847.0
2022-04-19,41.36,39.65,42.58,39.38,170320.12
2022-04-20,38.75,39.22,40.7,38.75,139106.79
2022-04-21,38.8,37.02,39.27,36.73,144840.97
2022-04-22,36.37,36.98,37.34,36.07,148800.51
2022-04-25,35.73,34.02,36.48,33.59,205213.22
2022-04-26,34.34,34.19,35.41,33.0,153360.6
2022-04-27,33.31,37.61,37.61,33.29,190005.52
2022-04-28,37.68,38.61,39.71,36.71,145137.59
2022-04-29,38.61,39.86,40.19,37.5,136946.6
2022-05-05,40.22,41.07,42.29,40.14,127679.84
2022-05-06,39.89,40.62,40.9,39.56,82429.9
2022-05-09,40.84,42.16,43.1,40.47,134298.6
2022-05-10,41.12,41.36,43.32,40.6,194568.45
2022-05-11,41.36,42.05,44.23,41.36,227327.36
2022-05-12,41.9,41.02,41.95,40.31,155918.61
2022-05-13,41.36,41.21,41.6,40.82,82151.24
2022-05-16,41.8,41.14,43.78,41.0,180005.21
2022-05-17,41.12,43.98,44.2,41.02,157310.96
2022-05-18,44.64,44.7,44.99,43.57,127060.79
2022-05-19,44.3,46.18,47.04,43.94,169051.75
2022-05-20,46.5,46.46,46.75,45.47,87858.99
2022-05-23,46.44,45.7,46.75,44.55,101108.99
2022-05-24,45.7,45.17,46.5,44.68,94422.81
2022-05-25,45.13,45.65,46.06,44.44,101895.17
2022-05-26,45.52,45.43,46.2,44.87,75684.45
2022-05-27,45.52,45.33,45.99,45.06,60555.9
2022-05-30,45.79,45.08,45.79,43.61,82465.83
2022-05-31,45.52,45.82,46.01,44.39,110784.72
2022-06-01,45.47,44.59,45.62,43.89,111289.11
2022-06-02,44.23,44.69,45.48,43.82,118622.42
2022-06-06,44.64,47.38,48.17,44.23,205159.54
2022-06-07,47.97,45.59,48.39,45.54,165693.25
2022-06-08,46.05,48.01,48.17,45.32,188229.88
2022-06-09,47.7,48.45,49.6,46.85,148631.2
2022-06-10,48.33,49.17,49.57,46.02,212950.42
2022-06-13,48.95,49.21,50.32,48.22,129290.02
2022-06-14,48.11,48.55,48.97,46.88,144837.02
2022-06-15,48.5,46.85,49.44,44.63,185355.37
2022-06-16,46.21,47.48,48.04,46.02,84538.75
2022-06-17,47.89,48.64,49.91,47.13,182280.07
2022-06-20,48.43,48.04,49.68,46.53,205399.2
2022-06-21,47.75,49.69,52.85,47.36,344782.43
2022-06-22,49.42,51.43,53.91,48.54,312675.49
2022-06-23,52.31,52.16,52.37,49.77,231723.2
2022-06-24,52.09,52.41,54.04,51.5,153732.3
2022-06-27,52.86,54.25,54.53,52.44,170932.0
2022-06-28,54.25,56.14,56.69,52.85,183724.59
2022-06-29,55.94,54.08,57.31,53.51,220731.49
2022-06-30,53.84,54.15,55.45,51.96,181648.37
2022-07-01,53.67,51.51,54.21,50.79,291740.27
2022-07-04,50.71,51.52,52.15,48.83,282890.65
2022-07-05,51.96,51.48,52.15,50.15,218829.77
2022-07-06,50.84,51.88,53.19,50.83,203372.19
2022-07-07,51.81,54.35,54.55,51.04,203339.45
2022-07-08,54.36,52.5,55.35,51.82,187973.58
2022-07-11,51.13,51.34,52.16,50.55,107206.68
2022-07-12,51.34,51.04,52.25,49.99,132636.9
2022-07-13,50.59,52.56,53.53,50.31,184236.75
2022-07-14,52.15,53.08,54.37,51.82,177326.05
2022-07-15,50.1,49.8,51.45,49.76,464574.53
2022-07-18,49.81,48.7,50.03,47.01,342383.36
2022-07-19,48.54,48.59,49.19,48.39,147863.04
2022-07-20,48.77,48.37,49.32,47.5,180580.4
2022-07-21,48.31,48.61,49.62,47.7,153031.23
2022-07-22,48.61,49.52,50.44,48.06,159320.21
2022-07-25,49.41,48.05,49.42,47.66,143697.77
2022-07-26,47.81,50.22,50.79,47.81,222898.09
2022-07-27,50.22,52.08,52.56,49.69,242833.1
2022-07-28,52.43,53.93,54.69,52.25,253257.54
2022-07-29,53.89,53.31,54.83,52.44,190572.95
2022-08-01,53.26,53.52,54.05,50.86,152158.54
2022-08-02,52.5,53.19,53.91,52.15,127708.01
2022-08-03,53.29,50.41,53.78,50.04,187319.51
2022-08-04,50.87,49.75,51.12,49.01,129745.24
2022-08-05,49.75,49.83,50.21,48.85,102206.66
2022-08-08,49.42,50.38,50.89,48.76,118242.35
2022-08-09,50.38,52.15,53.69,49.94,208751.03
2022-08-10,52.15,51.09,52.31,50.6,126381.92
2022-08-11,51.48,50.93,51.67,50.03,124447.8
2022-08-12,50.58,50.38,51.06,49.88,92974.33
2022-08-15,50.1,52.3,53.73,49.85,241043.06
2022-08-16,52.51,52.69,54.22,52.08,197382.63
2022-08-17,52.69,51.68,53.4,51.54,189840.16
2022-08-18,51.69,52.61,54.52,51.69,290414.46
2022-08-19,52.83,47.41,52.85,47.35,684520.49
2022-08-22,45.16,46.01,46.71,43.99,449464.66
2022-08-23,46.33,47.69,48.08,46.04,255995.33
2022-08-24,47.58,46.26,47.6,46.04,160965.15
2022-08-25,46.64,44.63,46.66,43.63,241131.1
2022-08-26,45.1,44.19,45.68,43.34,269116.25
2022-08-29,43.3,46.28,47.56,43.24,312419.51
2022-08-30,46.29,46.51,48.57,45.55,228220.64
2022-08-31,45.83,45.0,46.59,44.24,164366.72
2022-09-01,44.61,46.6,47.23,44.04,210634.58
2022-09-02,46.33,45.71,46.76,44.39,146657.7
2022-09-05,45.76,44.87,46.86,44.27,158845.58
2022-09-06,44.9,47.89,48.02,43.77,321371.89
2022-09-07,47.36,49.06,50.1,47.27,236388.72
2022-09-08,49.05,48.79,49.72,48.42,96500.65
2022-09-09,48.7,48.31,48.97,47.36,112534.79
2022-09-13,48.33,48.31,48.45,46.68,104154.28
2022-09-14,47.71,47.73,48.72,47.33,70888.26
2022-09-15,47.97,42.96,48.18,42.96,304752.27
2022-09-16,42.98,43.23,44.96,42.89,191854.83
2022-09-19,43.19,42.23,43.86,41.4,160423.3
2022-09-20,42.21,44.13,45.06,42.21,224848.9
2022-09-21,44.23,43.75,44.75,43.4,105864.26
2022-09-22,43.53,44.44,45.25,42.4,109756.57
2022-09-23,44.07,44.94,45.98,44.04,120066.65
2022-09-26,44.45,46.47,46.9,44.11,160317.54
2022-09-27,46.67,46.08,47.5,45.6,101509.11
2022-09-28,46.09,45.39,46.79,44.87,85924.51
2022-09-29,45.98,45.68,46.11,44.27,76513.26
2022-09-30,45.37,43.95,45.87,43.84,100803.29
2022-10-10,43.79,42.76,44.71,42.37,95077.06
2022-10-11,42.81,42.67,43.35,42.11,92235.8
2022-10-12,42.68,44.02,44.1,41.04,133291.4
2022-10-13,43.69,43.17,44.82,41.69,197582.07
2022-10-14,43.52,46.55,47.49,42.83,369982.28
2022-10-17,45.64,44.89,45.64,43.29,213094.99
2022-10-18,44.61,44.29,45.16,43.84,117175.96
2022-10-19,44.13,43.56,44.86,43.24,112222.03
2022-10-20,43.25,41.93,43.25,41.18,164348.86
2022-10-21,41.85,42.45,42.45,41.18,146301.29
2022-10-24,41.73,41.35,42.48,41.13,102040.81
2022-10-25,41.17,42.09,42.98,40.36,136663.33
2022-10-26,42.15,45.41,45.64,41.89,321061.98
2022-10-27,46.77,45.62,48.28,44.86,284933.94
2022-10-28,46.31,45.83,47.84,45.35,249696.42
2022-10-31,45.9,42.9,46.67,42.47,239031.25
2022-11-01,42.86,45.09,45.38,42.59,247346.24
2022-11-02,44.95,47.59,48.06,44.51,262193.97
2022-11-03,47.14,46.46,48.72,46.33,163344.66
2022-11-04,46.43,49.09,49.76,46.43,189603.28
2022-11-07,49.04,48.73,49.87,48.44,154008.04
2022-11-08,48.43,48.91,49.2,48.34,92050.26
2022-11-09,48.9,46.25,48.96,45.49,209385.54
2022-11-10,45.94,45.61,46.0,44.75,110626.66
2022-11-11,47.01,45.64,47.7,45.3,162134.48
2022-11-14,45.18,42.58,45.18,41.87,308041.58
2022-11-15,42.32,42.73,43.01,41.87,236978.85
2022-11-16,42.55,41.19,42.55,40.86,351563.62
2022-11-17,41.18,40.28,41.59,39.6,265003.18
2022-11-18,40.4,39.81,40.45,38.88,267709.8
2022-11-21,39.39,39.05,40.15,38.78,209437.44
2022-11-22,38.85,37.47,38.94,37.27,276221.87
2022-11-23,37.27,40.27,40.84,37.18,334716.51
2022-11-24,40.53,39.75,40.9,39.46,208085.3
2022-11-25,39.13,38.38,39.33,38.31,154073.94
2022-11-28,37.75,38.13,38.64,36.82,244599.64
2022-11-29,37.96,38.92,39.67,37.62,197817.18
2022-11-30,39.22,39.94,40.53,39.12,199405.41
2022-12-01,40.01,39.9,40.63,38.94,210516.31
2022-12-02,39.46,40.35,41.34,39.33,256314.62
2022-12-05,40.13,39.42,40.34,38.98,151641.76
2022-12-06,39.36,39.46,39.97,38.99,182127.38
2022-12-07,39.32,39.25,40.05,38.75,156652.98
2022-12-08,39.26,40.16,41.18,39.14,208642.61
2022-12-09,40.01,39.38,40.34,39.13,143080.78
2022-12-12,38.98,38.72,39.44,38.44,112060.97
2022-12-13,38.81,37.75,39.09,37.52,143968.36
2022-12-14,37.75,37.35,38.08,37.06,131428.25
2022-12-15,37.1,38.3,38.34,37.01,132505.83
2022-12-16,38.2,37.8,38.52,37.52,96496.32
2022-12-19,37.2,38.11,38.74,37.19,118807.22
2022-12-20,38.13,38.62,38.69,37.61,119513.05
2022-12-21,38.64,37.54,38.74,37.34,134887.82
2022-12-22,37.61,37.97,38.67,37.2,171465.02
2022-12-23,37.46,36.87,38.06,35.07,212196.42
2022-12-26,36.44,39.97,40.43,36.35,282326.89
2022-12-27,39.97,40.4,40.82,39.53,155836.58
2022-12-28,40.15,40.91,41.41,39.95,186446.86
2022-12-29,40.8,40.79,42.55,40.58,158169.15
2022-12-30,40.82,41.24,41.85,40.5,139836.91
2023-01-03,41.24,42.29,42.9,40.41,237241.73
2023-01-04,42.49,41.67,42.49,40.97,142663.34
2023-01-05,41.52,41.61,42.05,41.13,122860.75
2023-01-06,42.9,44.56,45.64,42.9,344995.63
2023-01-09,44.62,44.36,45.84,44.23,189214.83
2023-01-10,44.47,44.5,44.95,43.98,129567.26
2023-01-11,43.85,43.15,44.27,42.83,228853.72
2023-01-12,43.18,43.99,44.5,42.68,162827.52
2023-01-13,44.61,44.53,44.69,43.6,126105.92
2023-01-16,44.49,44.54,46.09,43.75,267282.33
2023-01-17,45.16,44.61,45.87,44.15,170948.69
2023-01-18,44.89,45.2,45.78,44.3,181721.43
2023-01-19,45.2,45.02,45.64,44.53,124792.47
2023-01-20,45.02,45.3,45.4,44.54,118762.91
2023-01-30,45.61,45.92,46.36,45.02,184671.11
2023-01-31,45.74,45.26,46.38,44.78,151007.72
2023-02-01,45.1,44.65,45.28,43.8,190170.88
2023-02-02,44.43,43.48,44.58,43.32,180402.82
2023-02-03,43.41,42.77,43.53,41.87,133390.35
2023-02-06,42.69,42.35,43.32,41.92,116369.69
2023-02-07,42.35,42.26,43.12,41.93,118353.12
2023-02-08,42.26,41.8,42.52,41.76,84540.63
2023-02-09,41.73,42.14,42.81,41.32,139474.87
2023-02-10,42.1,41.43,42.13,41.04,114314.56
2023-02-13,41.32,41.59,41.92,41.06,93765.46
2023-02-14,41.87,41.82,42.08,41.15,126621.87
2023-02-15,41.85,41.29,42.09,41.18,95420.84
2023-02-16,41.29,40.71,41.64,40.56,99737.01
2023-02-17,40.58,39.53,40.71,39.33,121816.27
2023-02-20,39.36,40.14,40.28,39.13,108222.17
2023-02-21,40.14,41.09,41.87,39.68,177969.23
2023-02-22,40.91,40.36,41.87,40.15,116299.07
2023-02-23,40.49,41.27,41.74,40.23,186320.38
2023-02-24,41.27,40.42,41.39,40.14,128518.34
2023-02-27,40.41,42.06,42.93,40.15,239827.59
2023-02-28,41.87,41.95,42.13,41.11,137991.13
2023-03-01,41.97,40.39,42.01,40.15,196903.05
2023-03-02,40.32,39.6,40.57,39.33,147270.21
2023-03-03,39.6,39.79,40.53,39.46,106958.9
2023-03-06,39.81,41.94,42.24,39.68,336216.53
2023-03-07,41.77,42.29,42.62,41.33,193837.03
2023-03-08,42.35,41.46,43.05,41.03,156362.88
2023-03-09,41.46,40.96,42.39,40.84,133893.99
2023-03-10,40.91,40.91,41.37,40.22,101726.74
2023-03-13,41.31,40.97,42.4,40.8,128035.78
2023-03-14,40.77,40.45,41.45,38.98,231582.45
2023-03-15,40.56,40.6,41.52,40.25,144367.86
2023-03-16,40.18,36.54,40.49,36.54,417694.65
2023-03-17,36.17,36.06,37.17,34.82,336780.76
2023-03-20,35.55,37.71,37.95,35.15,280436.24
2023-03-21,37.61,37.51,38.22,36.65,140197.16
2023-03-22,37.89,37.39,38.59,37.19,163172.27
2023-03-23,37.85,37.6,38.5,37.36,206214.89
2023-03-24,37.78,38.41,38.57,36.65,225906.76
2023-03-27,38.16,39.12,39.62,37.95,208381.39
2023-03-28,39.12,38.85,39.4,38.68,116985.89
2023-03-29,39.32,39.02,39.69,38.33,146678.53
2023-03-30,38.71,39.0,39.26,38.44,100858.56
2023-03-31,39.35,39.35,40.43,39.04,194318.07
2023-04-03,39.23,39.27,40.84,39.18,206386.24
2023-04-04,39.18,38.78,39.27,37.73,247736.45
2023-04-06,38.47,38.82,39.09,38.09,119346.3
2023-04-07,38.74,38.74,39.45,38.52,90273.68
2023-04-10,38.85,38.89,39.03,37.52,139986.54
2023-04-11,38.66,39.12,39.43,38.51,139005.68
2023-04-12,39.0,37.69,39.09,37.6,187059.35
2023-04-13,38.04,37.93,38.22,37.26,118059.95
2023-04-14,37.82,37.45,38.43,37.13,149369.32
2023-04-17,37.37,38.3,38.85,37.22,150598.19
2023-04-18,38.43,39.65,39.73,38.33,211903.94
2023-04-19,39.57,39.47,40.01,39.06,115336.82
2023-04-20,39.46,37.71,39.46,37.53,173103.26
2023-04-21,37.89,38.06,38.62,37.47,148194.5
2023-04-24,37.65,36.39,37.83,36.09,190975.74
2023-04-25,36.87,35.42,37.44,35.18,251044.23
2023-04-26,35.42,38.48,38.48,35.23,368340.85
2023-04-27,40.06,39.54,40.06,37.45,503810.62
2023-04-28,39.22,38.99,40.15,38.6,296070.22
2023-05-04,38.13,37.76,39.59,37.04,300854.93
2023-05-05,37.55,36.71,37.82,36.18,252038.78
2023-05-08,36.66,36.28,36.8,35.07,213452.05
2023-05-09,36.2,35.13,36.2,34.83,224711.81
2023-05-10,34.65,34.67,35.07,33.59,286576.58
2023-05-11,34.67,34.25,35.5,34.14,180203.11
2023-05-12,33.98,32.98,34.3,32.93,209696.18
2023-05-15,33.1,36.28,36.28,33.01,510924.4
2023-05-16,35.92,36.98,37.93,35.92,416332.3
2023-05-17,37.64,37.52,38.47,36.87,282318.85
2023-05-18,36.92,36.63,37.37,36.29,189853.93
2023-05-19,36.44,36.16,36.87,35.93,137676.89
2023-05-22,35.94,36.45,37.05,35.62,168641.25
2023-05-23,36.35,37.39,38.61,36.14,299211.29
2023-05-24,37.22,39.19,40.0,37.16,425421.55
2023-05-25,39.09,40.93,41.99,38.92,634254.96
2023-05-26,40.61,38.8,40.67,38.45,398169.92
2023-05-29,38.82,36.49,39.08,36.37,454984.04
2023-05-30,36.43,35.41,37.2,35.27,392175.44
2023-05-31,35.3,34.75,35.84,34.71,273294.51
2023-06-01,34.83,33.97,35.65,33.95,327519.5
2023-06-02,33.79,34.11,34.55,33.35,340045.82
2023-06-05,33.79,33.72,34.42,32.96,331099.95
2023-06-06,33.71,35.03,35.21,33.0,600025.26
2023-06-07,34.7,34.67,35.0,34.06,301985.15
2023-06-08,34.7,34.8,36.21,34.65,331163.13
2023-06-09,34.65,35.71,35.8,34.14,375432.22
2023-06-12,35.28,36.86,37.05,34.8,409913.94
2023-06-13,36.67,36.47,37.68,36.28,244795.51
2023-06-14,36.46,35.67,36.71,35.33,254075.35
2023-06-15,35.89,39.13,39.24,35.86,607308.37
2023-06-16,39.33,39.11,39.52,38.25,423618.08
2023-06-19,38.68,38.87,39.42,37.92,275728.74
2023-06-20,38.55,39.24,39.95,37.92,349512.04
2023-06-21,38.94,38.86,40.22,38.77,248156.23
2023-06-26,38.86,40.31,41.37,37.72,518370.6
2023-06-27,40.05,40.95,42.21,40.05,428074.08
2023-06-28,41.07,40.87,41.27,40.22,274468.65
2023-06-29,40.73,40.21,41.98,40.14,226503.47
2023-06-30,39.76,40.24,40.71,39.29,208697.46
2023-07-03,39.82,38.63,40.29,38.29,381533.49
2023-07-04,38.5,38.26,39.0,38.02,276640.96
2023-07-05,38.3,36.86,38.31,36.79,302359.35
2023-07-06,37.01,36.24,37.04,35.71,342517.67
2023-07-07,36.22,34.89,36.22,34.72,335263.67
2023-07-10,35.0,36.27,36.96,34.65,485203.46
2023-07-11,36.24,34.95,36.51,34.74,425234.93
2023-07-12,34.74,34.22,35.03,31.48,900388.16
2023-07-13,33.88,33.78,34.69,33.64,407268.62
2023-07-14,33.95,33.34,34.24,33.17,431637.6
2023-07-17,33.33,32.73,33.34,32.27,462588.09
2023-07-18,32.72,32.05,32.72,31.75,422340.62
2023-07-19,31.85,31.61,31.94,31.46,256383.34
2023-07-20,31.79,32.03,32.48,31.6,393429.57
2023-07-21,31.91,31.37,31.91,31.23,335983.43
2023-07-24,31.41,30.85,31.63,30.75,253310.76
2023-07-25,31.31,31.79,32.41,31.26,396087.42
2023-07-26,31.65,32.31,32.7,31.3,347587.5
2023-07-27,32.31,31.93,32.49,31.78,255246.96
2023-07-28,31.94,32.25,32.41,31.41,298426.41
2023-07-31,32.37,32.09,32.67,31.85,417839.34
2023-08-01,31.85,31.05,32.03,30.81,408445.55
2023-08-02,31.06,30.46,31.23,30.43,338866.14
2023-08-03,30.4,30.6,31.02,30.22,346031.09
2023-08-04,30.6,30.52,30.75,29.96,506473.82
2023-08-07,30.35,30.02,30.41,29.73,390068.39
2023-08-08,30.01,29.69,30.2,29.59,241836.62
2023-08-09,29.53,29.37,29.78,29.31,211005.52
2023-08-10,29.37,29.96,30.2,29.37,355258.04
2023-08-11,29.92,28.95,29.92,28.95,307342.69
2023-08-14,28.38,28.85,28.91,28.26,242882.05
2023-08-15,28.76,27.73,28.99,27.61,519085.65
2023-08-16,27.72,27.43,28.36,27.42,339105.36
2023-08-17,27.26,27.67,27.82,27.19,272752.94
2023-08-18,27.69,27.13,27.86,27.13,248724.09
2023-08-21,27.02,26.46,27.26,26.44,358111.37
2023-08-22,26.54,25.97,26.79,25.48,531723.37
2023-08-23,25.98,25.09,26.02,25.06,365373.24
2023-08-24,25.43,26.7,27.28,25.24,669554.28
2023-08-25,26.36,26.36,26.95,26.06,359336.38
2023-08-28,28.0,27.0,28.27,26.83,520949.36
2023-08-29,26.81,27.53,27.69,26.74,371306.74
2023-08-30,27.52,27.55,28.33,27.27,351218.07
2023-08-31,27.5,26.86,27.54,26.78,362525.1
2023-09-01,26.98,26.78,27.09,26.52,224096.43
2023-09-04,26.73,26.48,26.94,26.31,351627.88
2023-09-05,26.54,26.41,26.91,26.18,450104.98
2023-09-06,26.19,25.74,26.28,25.45,462551.6
2023-09-07,25.87,24.42,25.9,24.42,557772.27
2023-09-08,24.46,23.81,24.5,23.61,407510.88
2023-09-11,23.84,24.12,24.35,23.55,404762.99
2023-09-12,24.03,24.38,24.56,23.93,319338.39
2023-09-13,24.35,24.03,24.47,23.89,231269.96
2023-09-14,24.03,23.61,24.1,23.51,268257.82
2023-09-15,23.69,23.47,23.94,23.34,294067.88
2023-09-18,23.3,23.65,24.19,23.07,315724.37
2023-09-19,23.6,23.21,23.68,23.09,253070.58
2023-09-20,23.21,23.17,23.38,22.95,232967.06
2023-09-21,23.02,22.98,23.36,22.8,231099.09
2023-09-22,22.97,23.5,23.52,22.93,321112.68
2023-09-25,23.45,23.71,24.05,23.13,391375.95
2023-09-26,23.7,23.74,23.93,23.54,262137.47
2023-09-27,23.78,24.72,25.57,23.76,815007.52
2023-09-28,24.61,24.68,24.91,24.52,354295.19
2023-10-09,24.66,24.33,24.66,24.04,341648.08
2023-10-10,24.33,23.74,24.44,23.67,337016.02
2023-10-11,23.9,23.67,24.18,23.5,292609.37
2023-10-12,23.69,24.05,24.25,23.46,382660.77
2023-10-13,23.82,23.37,23.82,22.99,416272.69
2023-10-16,23.19,22.75,23.69,22.65,335756.9
2023-10-17,22.77,22.94,23.02,22.48,233697.53
2023-10-18,22.82,22.14,22.83,22.12,314190.09
2023-10-19,21.91,22.34,22.63,21.82,356250.89
2023-10-20,22.1,22.26,22.66,22.02,385033.73
2023-10-23,22.1,21.57,22.16,21.46,258796.96
2023-10-24,21.71,21.89,21.98,21.4,328070.13
2023-10-25,22.02,21.58,22.21,21.52,325844.6
2023-10-26,21.2,20.97,21.2,20.55,443048.12
2023-10-27,21.0,22.03,22.12,20.71,521527.79
2023-10-30,21.84,21.93,21.98,21.44,416359.6
2023-10-31,22.16,21.65,22.35,21.5,419257.23
2023-11-01,21.75,21.21,21.83,21.2,329698.72
2023-11-02,21.23,20.82,21.52,20.82,282963.94
2023-11-03,20.79,21.4,21.94,20.76,486571.36
2023-11-06,21.81,22.25,23.13,21.52,749163.22
2023-11-07,22.12,22.24,22.39,21.86,489276.93
2023-11-08,22.34,22.65,23.04,22.08,745783.26
2023-11-09,22.58,23.57,24.07,22.48,1063607.01
2023-11-10,23.37,22.88,23.37,22.55,592321.64
2023-11-13,23.11,23.03,23.3,22.87,339032.51
2023-11-14,23.03,22.86,23.31,22.67,345581.62
2023-11-15,23.2,23.05,23.57,22.99,549570.1
2023-11-16,22.87,22.11,22.97,22.06,550912.55
2023-11-17,22.01,22.12,22.29,21.9,247833.13
2023-11-20,22.02,22.08,22.31,21.69,289034.27
2023-11-21,22.1,21.88,22.33,21.84,294161.74
2023-11-22,21.73,21.3,21.81,21.29,279435.77
2023-11-23,21.33,21.37,21.47,21.15,241710.8
2023-11-24,21.36,20.88,21.36,20.87,264756.63
2023-11-27,20.89,20.26,20.9,20.15,345329.29
2023-11-28,20.22,20.04,20.26,19.88,305533.32
2023-11-29,20.04,19.43,20.09,19.27,581149.53
2023-11-30,19.43,19.2,19.59,19.03,393951.85
2023-12-01,19.2,19.01,19.2,18.82,341526.29
2023-12-04,18.99,18.64,19.09,18.61,331730.54
2023-12-05,18.54,18.35,18.95,18.34,389928.68
2023-12-06,18.26,18.62,18.95,18.24,465384.8
2023-12-07,18.53,18.38,18.54,18.12,334447.84
2023-12-08,18.53,18.43,18.68,18.33,305899.23
2023-12-11,18.24,18.47,18.47,17.86,407158.2
2023-12-12,18.39,18.28,18.53,18.22,237148.98
2023-12-13,18.21,17.79,18.27,17.79,365565.09
2023-12-14,17.95,17.71,18.32,17.69,369122.37
2023-12-15,17.85,17.8,18.33,17.75,540613.49
2023-12-18,17.68,17.29,17.85,17.27,312088.12
2023-12-19,17.3,17.48,17.74,17.28,435130.13
2023-12-20,17.68,17.25,17.68,17.24,251560.55
2023-12-21,17.17,18.17,18.57,17.13,904191.56
2023-12-22,18.11,18.4,18.69,17.89,703557.09
2023-12-25,18.34,18.51,18.58,18.2,293940.06
2023-12-26,18.39,18.39,18.53,18.2,291468.74
2023-12-27,18.39,18.13,18.42,17.99,339218.94
2023-12-28,18.09,19.95,19.95,17.99,1054742.04
2023-12-29,20.26,19.99,20.42,19.81,984561.87
2024-01-02,19.85,19.3,19.97,19.23,525644.04
2024-01-03,19.23,19.14,19.47,18.92,428785.07
2024-01-04,19.13,18.69,19.13,18.55,392722.5
2024-01-05,18.66,18.19,18.95,18.05,451420.23
2024-01-08,18.19,18.45,19.02,18.06,639389.91
2024-01-09,18.45,18.87,19.65,17.9,978785.89
2024-01-10,18.62,19.1,19.47,18.56,811020.21
2024-01-11,18.91,19.04,19.31,18.62,792180.77
2024-01-12,18.91,18.98,19.54,18.76,858010.06
2024-01-15,18.87,18.38,19.08,18.34,626521.39
2024-01-16,18.26,19.52,19.84,18.06,1307553.38
2024-01-17,19.59,18.68,19.67,18.68,763795.06
2024-01-18,18.46,20.55,20.55,18.43,1754581.44
2024-01-19,20.92,20.12,21.04,20.05,1420187.14
2024-01-22,19.99,20.07,20.84,19.16,1295928.14
2024-01-23,20.16,20.47,21.23,19.78,1419076.65
2024-01-24,20.27,20.25,20.59,19.4,1181088.4
2024-01-25,19.88,20.44,20.44,19.47,1153379.2
2024-01-26,20.27,20.05,20.81,20.04,858083.25
2024-01-29,19.49,18.05,19.51,18.05,1130483.17
2024-01-30,17.32,17.35,18.05,17.18,758575.8
2024-01-31,17.16,16.43,17.53,16.43,770072.24
2024-02-01,16.38,17.16,17.66,16.29,971613.8
2024-02-02,17.06,16.14,17.1,15.55,845798.57
2024-02-05,15.92,15.42,16.07,14.9,649456.73
2024-02-06,15.34,16.57,16.59,15.34,650164.84
2024-02-07,16.57,16.51,16.96,16.22,711289.71
2024-02-08,16.68,16.99,17.06,16.36,636570.39
2024-02-19,17.07,17.14,17.22,16.81,502799.01
2024-02-20,16.99,16.92,16.99,16.55,477748.91
2024-02-21,16.69,17.15,17.54,16.56,696296.96
2024-02-22,17.37,17.59,17.97,17.25,673026.21
2024-02-23,17.76,17.99,18.33,17.68,860526.29
2024-02-26,17.85,17.7,17.99,17.51,639697.84
2024-02-27,17.59,18.01,18.01,17.48,592642.38
2024-02-28,18.19,17.44,18.88,17.42,1067271.28
2024-02-29,17.35,18.09,18.09,17.21,706937.53
2024-03-01,18.12,18.21,18.32,17.8,581044.29
2024-03-04,18.11,18.15,18.56,17.95,585359.99
2024-03-05,17.99,17.62,18.01,17.54,538505.68
2024-03-06,17.56,18.29,18.76,17.48,906486.28
2024-03-07,18.25,17.61,18.43,17.58,639268.59
2024-03-08,17.7,18.89,19.16,17.7,1404006.15
2024-03-11,19.16,19.21,19.4,18.78,1234375.42
2024-03-12,19.25,19.2,19.76,19.11,988586.41
2024-03-13,19.04,18.89,19.18,18.82,604636.01
2024-03-14,18.75,18.62,19.1,18.38,537895.09
2024-03-15,18.62,18.61,18.88,18.24,529607.7
2024-03-18,18.69,18.91,18.91,18.54,591905.07
2024-03-19,18.92,18.61,19.4,18.58,658072.89
2024-03-20,18.5,18.71,19.09,18.4,546477.43
2024-03-21,18.56,18.14,18.73,18.09,664155.38
2024-03-22,18.05,17.31,18.14,17.31,706415.28
2024-03-25,17.18,17.08,17.55,17.03,428656.61
2024-03-26,17.17,17.42,17.47,16.96,425079.55
2024-03-27,17.28,16.68,17.38,16.68,429424.97
2024-03-28,16.7,16.78,17.02,16.65,395356.06
2024-03-29,16.76,16.86,16.99,16.58,332980.04
2024-04-01,16.93,17.26,17.27,16.81,482966.55
2024-04-02,17.26,17.23,17.36,17.05,377982.88
2024-04-03,17.13,17.33,17.52,16.95,446628.38
2024-04-08,17.23,16.33,17.24,16.31,614162.97
2024-04-09,16.32,16.62,16.68,16.31,359228.13
2024-04-10,16.55,16.02,16.55,15.95,431578.56
2024-04-11,15.87,15.89,16.13,15.7,316137.92
2024-04-12,15.9,15.43,15.97,15.4,414198.43
2024-04-15,15.42,15.42,15.79,15.22,443650.24
2024-04-16,15.27,14.74,15.33,14.72,437758.28
2024-04-17,14.77,15.01,15.03,14.77,499065.9
2024-04-18,14.91,14.89,15.09,14.36,578009.25
2024-04-19,14.69,14.26,14.76,14.26,531428.01
2024-04-22,14.19,14.25,14.67,14.19,446791.92
2024-04-23,14.3,13.83,14.51,13.76,518345.4
2024-04-24,13.8,13.43,13.82,13.34,641259.96
2024-04-25,13.38,13.55,13.74,13.17,530614.27
2024-04-26,13.5,13.98,13.99,13.39,568297.02
2024-04-29,13.94,14.48,14.62,13.87,643667.89
2024-04-30,14.14,13.72,14.26,13.54,901900.04
2024-05-06,13.9,13.85,14.14,13.76,559692.73
2024-05-07,13.77,14.11,14.19,13.64,534738.86
2024-05-08,14.01,13.74,14.12,13.72,403678.66
2024-05-09,13.76,14.38,14.66,13.76,870613.15
2024-05-10,14.3,14.13,14.34,13.99,441760.8
2024-05-13,13.93,14.04,14.22,13.75,442719.8
2024-05-14,14.03,13.89,14.13,13.85,318781.73
2024-05-15,13.89,13.72,14.28,13.68,331861.38
2024-05-16,13.7,13.62,13.92,13.56,374253.82
2024-05-17,13.47,13.67,13.68,13.28,486705.9
2024-05-20,13.64,13.49,13.9,13.43,494166.92
2024-05-21,13.43,13.24,13.55,13.2,386879.41
2024-05-22,13.43,14.56,14.56,13.42,1366271.92
2024-05-23,15.01,14.78,15.15,14.59,1796183.91
2024-05-24,14.69,14.51,15.39,14.4,1058637.83
2024-05-27,14.29,14.28,14.53,13.45,1132616.72
2024-05-28,14.15,14.28,14.74,14.06,832705.51
2024-05-29,15.02,15.54,15.71,15.02,1712420.0
2024-05-30,15.4,15.73,15.95,15.2,1469384.62
2024-05-31,15.5,15.1,15.95,15.02,995147.0
2024-06-03,15.01,15.24,15.35,14.8,735792.33
2024-06-04,15.08,15.23,15.31,14.84,611127.74
2024-06-05,15.05,15.0,15.25,14.91,469593.71
2024-06-06,15.0,14.13,15.26,14.07,1008094.66
2024-06-07,14.04,13.99,14.2,13.52,836865.88
2024-06-11,13.8,13.98,14.12,13.6,467796.91
2024-06-12,13.85,13.8,13.95,13.68,477595.09
2024-06-13,13.81,13.71,14.04,13.69,534997.7
2024-06-14,13.73,13.89,14.39,13.45,1037001.32
2024-06-17,13.76,13.65,13.89,13.39,587632.32
2024-06-18,13.65,13.72,14.04,13.53,460800.79
2024-06-19,13.65,13.3,13.7,13.28,511840.53
2024-06-20,13.23,12.59,13.25,12.56,587476.99
2024-06-21,12.69,12.47,12.92,12.47,451028.47
2024-06-24,12.24,12.01,12.39,11.89,543437.73
2024-06-25,11.99,11.53,12.05,11.45,556634.61
2024-06-26,11.46,11.81,11.88,11.32,552314.27
2024-06-27,11.7,11.45,11.79,11.42,400619.0
2024-06-28,11.41,11.2,11.57,11.15,515324.1
2024-07-01,11.13,11.25,11.36,11.08,382685.89
2024-07-02,11.18,10.81,11.19,10.78,644152.36
2024-07-03,10.75,10.63,10.88,10.54,492761.38
2024-07-04,10.67,10.38,10.73,10.35,484187.52
2024-07-05,10.35,10.49,10.66,10.27,471974.56
2024-07-08,10.14,9.89,10.29,9.81,697822.41
2024-07-09,9.9,9.88,9.96,9.66,666033.99
2024-07-10,9.8,10.02,10.4,9.69,694426.43
2024-07-11,10.19,10.38,10.54,10.09,752317.34
2024-07-12,10.29,10.5,10.62,10.27,691110.9
2024-07-15,10.37,10.25,10.4,10.22,382072.94
2024-07-16,10.21,10.45,10.46,10.13,389217.92
2024-07-17,10.66,10.32,10.77,10.31,574604.94
2024-07-18,10.22,10.29,10.38,10.06,411912.25
2024-07-19,10.23,10.51,10.57,10.2,471096.34
2024-07-22,10.49,10.53,10.62,10.41,390124.17
2024-07-23,10.52,10.37,10.64,10.36,428814.56
2024-07-24,10.33,10.13,10.44,10.1,301501.77
2024-07-25,10.11,10.68,10.95,10.08,754048.85
2024-07-26,10.63,10.61,10.8,10.47,479424.92
2024-07-29,10.57,10.26,10.61,10.25,398057.63
2024-07-30,10.23,10.24,10.34,10.1,293571.72
2024-07-31,10.23,10.79,10.8,10.07,714603.23
2024-08-01,10.78,10.64,10.9,10.62,447898.63
2024-08-02,10.6,10.46,10.75,10.45,388844.56
2024-08-05,10.39,10.26,10.92,10.25,754314.94
2024-08-06,10.4,11.02,11.15,10.39,1109422.85
2024-08-07,10.94,10.93,11.04,10.75,617678.69
2024-08-08,11.02,11.05,11.79,10.98,1210117.36
2024-08-09,11.1,10.7,11.2,10.7,695213.54
2024-08-12,10.92,10.71,11.1,10.66,593320.86
2024-08-13,10.62,10.55,10.77,10.35,606615.24
2024-08-14,10.58,10.44,11.04,10.42,498447.9
2024-08-15,10.35,10.74,10.97,10.18,711795.83
2024-08-16,10.65,10.45,10.69,10.44,351140.59
2024-08-19,10.41,10.25,10.43,10.23,325557.04
2024-08-20,10.24,10.08,10.29,10.0,303289.82
2024-08-21,10.04,9.84,10.13,9.8,333613.18
2024-08-22,9.85,9.47,9.87,9.41,502580.96
2024-08-23,9.42,9.2,9.54,9.19,378972.03
2024-08-26,9.2,9.27,9.6,9.19,491960.31
2024-08-27,9.19,9.34,9.38,8.96,572660.7
2024-08-28,9.2,9.2,9.28,9.06,270279.31
2024-08-29,9.09,9.69,9.7,9.08,717662.83
2024-08-30,9.62,9.89,10.08,9.55,619500.7
2024-09-02,9.83,9.7,10.09,9.7,469391.88
2024-09-03,9.74,10.09,10.32,9.62,628891.49
2024-09-04,10.1,10.33,10.56,10.04,679268.53
2024-09-05,10.3,10.46,10.68,10.26,481450.05
2024-09-06,10.35,10.12,10.48,10.1,346620.05
2024-09-09,10.1,10.06,10.23,10.0,262897.78
2024-09-10,10.06,10.06,10.15,9.87,305582.56
2024-09-11,10.01,10.09,10.33,9.98,380504.55
2024-09-12,10.1,10.41,10.85,10.08,750716.98
2024-09-13,10.33,10.16,10.4,10.13,420660.32
2024-09-18,10.11,9.93,10.13,9.82,357160.49
2024-09-19,10.0,10.27,10.47,9.9,521497.78
2024-09-20,10.21,9.9,10.24,9.85,506284.33
2024-09-23,9.88,9.92,9.99,9.76,337687.24
2024-09-24,9.96,10.57,10.57,9.88,839691.9
2024-09-25,10.65,10.48,10.88,10.47,729071.98
2024-09-26,10.51,11.2,11.2,10.44,925685.72
2024-09-27,11.38,12.32,12.32,11.29,1436282.35
2024-09-30,13.0,13.55,13.55,12.43,1726918.67
2024-10-08,14.91,14.75,14.91,13.59,1737185.14
2024-10-09,14.25,13.28,14.25,13.28,1169933.92
2024-10-10,13.0,12.78,13.48,12.51,996564.68
2024-10-11,12.66,12.91,13.23,12.21,980577.36
2024-10-14,12.93,13.68,13.83,12.89,1254103.91
2024-10-15,13.4,13.9,14.29,13.28,1141766.68
2024-10-16,13.63,13.13,13.88,13.05,866973.4
2024-10-17,13.23,13.38,13.73,13.0,683369.16
2024-10-18,13.28,13.71,14.07,13.02,895727.22
2024-10-21,14.22,15.08,15.08,14.22,798406.52
2024-10-22,15.24,16.59,16.59,14.6,2172802.76
2024-10-23,16.76,17.67,18.25,16.29,3326564.62
2024-10-24,17.07,16.27,17.1,16.13,2105505.54
2024-10-25,16.26,17.9,17.9,16.26,1940575.77
2024-10-28,17.9,18.2,18.57,17.25,2245744.62
2024-10-29,18.34,17.29,19.13,17.28,1887024.9
2024-10-30,16.7,17.56,17.8,16.59,1155666.36
2024-10-31,18.7,19.32,19.32,18.33,2337168.69
2024-11-01,19.0,18.15,19.7,18.09,1671549.31
2024-11-04,17.88,18.21,18.5,17.72,1107036.67
2024-11-05,18.0,18.43,18.48,17.6,1195631.92
2024-11-06,18.23,17.99,18.98,17.69,1265134.38
2024-11-07,16.97,17.96,18.09,16.65,1260574.17
2024-11-08,17.96,18.15,18.79,17.95,1185060.45
2024-11-11,17.88,18.56,18.86,17.8,841685.16
2024-11-12,18.66,17.84,19.09,17.69,1017168.06
2024-11-13,17.65,17.94,18.03,17.49,561168.5
2024-11-14,18.06,17.61,18.15,17.54,477838.61
2024-11-15,17.51,16.4,17.66,16.39,838281.53
2024-11-18,16.31,16.54,17.1,16.06,666548.66
2024-11-19,16.55,17.05,17.17,16.43,606150.94
2024-11-20,17.06,16.98,17.13,16.71,475883.63
2024-11-21,17.48,17.06,17.66,16.91,601673.97
2024-11-22,16.81,16.15,17.2,16.13,616063.65
2024-11-25,16.14,16.56,16.7,16.07,549451.91
2024-11-26,16.56,16.84,17.46,16.5,585306.43
2024-11-27,16.7,17.15,17.16,16.56,417969.71
2024-11-28,17.15,17.12,17.57,17.0,464290.7
2024-11-29,17.1,17.4,17.66,17.02,466888.56
2024-12-02,16.9,17.43,17.43,16.61,578319.13
2024-12-03,17.45,17.14,17.68,16.95,383325.7
2024-12-04,17.0,16.37,17.38,16.3,664143.47
2024-12-05,16.27,16.45,16.51,16.22,337102.21
2024-12-06,16.38,16.32,16.45,15.71,765276.09
2024-12-09,16.34,15.96,16.35,15.86,460582.77
2024-12-10,16.4,15.71,16.45,15.65,596918.69
2024-12-11,15.66,15.67,15.75,15.5,368086.67
2024-12-12,15.67,15.88,16.18,15.55,500663.86
2024-12-13,15.8,15.45,15.8,15.44,408054.63
2024-12-16,15.44,15.01,15.51,14.95,474708.92
2024-12-17,15.07,14.91,15.2,14.87,292316.3
2024-12-18,14.96,14.95,15.0,14.81,275861.48
2024-12-19,14.78,14.81,14.84,14.55,332639.08
2024-12-20,14.94,14.6,14.97,14.52,387765.8
2024-12-23,14.58,14.34,14.75,14.3,393034.42
2024-12-24,14.43,14.55,14.7,14.4,391308.93
2024-12-25,14.82,14.51,14.83,14.35,290975.92
2024-12-26,14.48,14.33,14.53,14.25,344013.64
2024-12-27,14.3,14.08,14.39,14.07,373437.74
2024-12-30,14.08,14.16,14.23,13.92,427324.6
2024-12-31,14.1,13.75,14.33,13.73,358196.31
2025-01-02,13.75,13.43,13.88,13.31,454097.36
2025-01-03,13.46,13.07,13.67,13.05,335671.59
2025-01-06,13.07,13.06,13.45,12.94,375988.32
2025-01-07,12.96,13.15,13.17,12.91,301736.96
2025-01-08,13.07,13.45,13.65,12.96,729354.78
2025-01-09,13.2,13.28,13.8,13.2,459325.57
2025-01-10,13.27,12.5,13.38,12.5,540815.2
2025-01-13,12.38,12.47,12.6,12.22,431855.39
2025-01-14,12.47,12.82,12.91,12.32,570337.21
2025-01-15,12.84,13.38,13.63,12.82,1001571.61
2025-01-16,13.29,13.43,13.78,13.22,625651.68
2025-01-17,13.3,13.35,13.58,13.12,362344.97
2025-01-20,13.43,13.38,13.56,13.27,317872.16
2025-01-21,13.4,12.84,13.43,12.68,560726.97
2025-01-22,12.77,12.38,12.84,12.33,545169.62
2025-01-23,12.49,12.3,13.0,12.3,635515.93
2025-01-24,11.99,12.69,12.88,11.9,849982.0
2025-01-27,12.67,12.46,12.84,12.28,469032.8
2025-02-05,12.49,12.51,12.76,12.25,398120.31
2025-02-06,12.42,13.01,13.05,12.18,669708.68
2025-02-07,12.98,13.75,14.08,12.9,1054495.61
2025-02-10,13.68,13.42,13.73,13.29,670952.5
2025-02-11,13.42,12.9,13.46,12.85,586320.07
2025-02-12,12.83,13.02,13.06,12.66,511871.85
2025-02-13,12.95,12.88,13.13,12.88,484846.85
2025-02-14,12.86,12.83,13.2,12.78,558708.6
2025-02-17,12.78,13.1,13.17,12.74,627040.53
2025-02-18,13.19,12.46,13.19,12.45,695727.3
2025-02-19,12.41,12.8,13.02,12.38,554396.56
2025-02-20,12.8,12.4,12.81,12.33,627817.62
2025-02-21,12.41,12.45,12.6,12.25,546988.22
2025-02-24,12.46,12.74,13.1,12.4,801626.11
2025-02-25,12.55,12.88,13.03,12.49,701394.92
2025-02-26,13.02,13.53,13.54,12.87,1136561.15
2025-02-27,13.43,13.1,13.44,12.95,854487.81
2025-02-28,13.1,12.73,13.34,12.72,704520.45
2025-03-03,12.74,12.85,13.14,12.72,587500.26
2025-03-04,12.73,12.88,12.9,12.55,488476.57
2025-03-05,12.8,12.51,12.81,12.38,567185.37
2025-03-06,12.52,12.59,12.7,12.38,690673.08
2025-03-07,12.51,12.24,12.58,12.2,789500.56
2025-03-10,12.26,12.54,12.55,12.26,742523.13
2025-03-11,12.36,12.6,12.6,12.21,706352.07
2025-03-12,12.51,12.45,12.68,12.43,441572.09
2025-03-13,12.41,12.18,12.48,12.04,488767.0
2025-03-14,12.18,12.53,12.6,12.18,807956.9
2025-03-17,12.65,12.77,13.15,12.62,720904.64
2025-03-18,12.82,12.92,12.96,12.67,468721.52
2025-03-19,12.87,12.81,12.98,12.68,431794.62
2025-03-20,12.78,12.66,12.9,12.63,327803.98
2025-03-21,12.65,12.82,13.02,12.57,630569.71
2025-03-24,12.82,12.44,13.08,12.28,528771.69
2025-03-25,12.39,12.4,12.65,12.31,441225.51
2025-03-26,12.41,12.89,13.1,12.33,924387.09
2025-03-27,12.8,12.36,12.91,12.36,819695.65
2025-03-28,12.36,12.21,12.67,12.2,584557.3
2025-03-31,12.06,11.53,12.17,11.5,642777.98
2025-04-01,11.58,11.52,11.65,11.31,444382.84
2025-04-02,11.49,11.43,11.58,11.38,272718.85
2025-04-03,11.21,11.17,11.5,11.16,395309.01
2025-04-07,10.5,10.05,10.5,10.05,412954.6
2025-04-08,9.92,9.99,10.1,9.68,586554.36
2025-04-09,9.73,9.9,9.98,9.44,576984.05
2025-04-10,10.2,10.22,10.35,10.1,601356.8
2025-04-11,10.05,10.15,10.3,10.03,377371.88
2025-04-14,10.32,10.16,10.35,10.14,551869.76
2025-04-15,10.17,9.96,10.2,9.87,420586.36
2025-04-16,9.92,9.78,9.94,9.61,398056.68
2025-04-17,9.7,9.7,9.8,9.66,321853.85
2025-04-18,9.69,9.68,9.72,9.56,238187.2
2025-04-21,9.7,9.79,9.79,9.6,233684.04
2025-04-22,9.75,9.72,9.86,9.68,424454.62
2025-04-23,9.74,9.84,10.05,9.73,508598.32
2025-04-24,9.85,9.6,9.95,9.6,402993.83
2025-04-25,9.62,9.64,9.77,9.57,345195.31
2025-04-28,9.6,9.56,9.69,9.47,307863.4
2025-04-29,9.54,9.44,9.66,9.41,358251.94
2025-04-30,9.37,9.55,9.97,9.35,847317.25
2025-05-06,9.65,9.8,9.81,9.58,490721.62
2025-05-07,9.96,9.87,10.04,9.78,400701.47
2025-05-08,9.83,10.01,10.13,9.79,520165.1
2025-05-09,10.0,9.71,10.0,9.7,418245.41
2025-05-12,9.86,10.01,10.02,9.79,632789.96
2025-05-13,10.12,10.17,10.68,10.11,1333251.13
2025-05-14,10.06,9.99,10.15,9.82,815664.4
2025-05-15,9.93,9.67,9.94,9.67,550500.43
2025-05-16,9.67,9.67,9.86,9.64,480817.28
2025-05-19,9.63,9.55,9.67,9.47,447164.0
2025-05-20,9.57,9.59,9.6,9.47,351823.53
2025-05-21,9.6,9.66,9.69,9.53,380167.0
2025-05-22,9.6,9.47,9.68,9.46,428056.4
2025-05-23,9.44,9.67,9.98,9.41,1409609.07
2025-05-26,9.6,9.48,9.72,9.46,704034.7
2025-05-27,9.5,9.28,9.52,9.19,704381.31
2025-05-28,9.26,9.16,9.31,9.1,398831.26
2025-05-29,9.19,9.33,9.34,9.17,389180.8
2025-05-30,9.27,9.14,9.27,9.13,358311.18
2025-06-03,9.09,9.19,9.21,9.05,304586.71
2025-06-04,9.23,9.38,9.41,9.2,433780.81
2025-06-05,9.35,9.38,9.4,9.26,286452.24
2025-06-06,9.4,9.34,9.41,9.29,251452.54
2025-06-09,9.33,9.75,9.82,9.29,827422.37
2025-06-10,9.71,9.75,9.95,9.69,630362.07
2025-06-11,9.79,9.91,10.1,9.77,651936.11
2025-06-12,9.9,9.91,9.99,9.79,369612.22
2025-06-13,9.9,9.55,9.9,9.53,398888.72
2025-06-16,9.53,9.63,9.73,9.5,266176.87
2025-06-17,9.63,9.64,9.74,9.52,250379.19
2025-06-18,9.63,9.69,9.78,9.53,287979.82
2025-06-19,9.63,9.36,9.73,9.36,399790.92
2025-06-20,9.46,9.41,9.94,9.36,1233417.3
2025-06-23,9.29,9.42,9.49,9.2,502549.0
2025-06-24,9.48,9.61,9.64,9.42,574229.05
2025-06-25,9.61,9.7,9.72,9.47,735513.04
2025-06-26,9.67,9.52,9.82,9.51,610289.04
2025-06-27,9.56,9.73,10.01,9.54,1225506.23
2025-06-30,9.91,9.98,10.13,9.81,855164.28
2025-07-01,9.93,9.82,9.94,9.73,582988.32
2025-07-02,9.88,10.55,10.76,9.82,2038503.69
2025-07-03,10.57,10.54,10.61,10.31,1068962.8
2025-07-04,10.71,10.43,10.75,10.33,917565.97
2025-07-07,10.35,10.34,10.49,10.25,504453.64
2025-07-08,10.33,10.93,10.99,10.3,1282356.92
2025-07-09,10.85,10.74,11.05,10.71,891171.62
2025-07-10,10.75,11.81,11.81,10.75,2142409.64
2025-07-11,12.09,11.74,12.09,11.6,1670373.71
2025-07-14,11.62,11.57,11.87,11.53,936141.39
2025-07-15,11.44,11.24,11.56,11.12,885860.05
2025-07-16,11.25,11.26,11.3,11.13,638482.64
2025-07-17,11.56,11.64,11.8,11.35,1195312.06
2025-07-18,11.49,11.45,11.85,11.38,800798.35
2025-07-21,11.46,11.68,11.8,11.38,727954.03
2025-07-22,11.74,12.11,12.11,11.45,1175491.75
2025-07-23,12.12,11.65,12.27,11.62,1012452.43
2025-07-24,11.61,11.92,12.05,11.52,753950.56
2025-07-25,11.91,11.65,11.98,11.61,598467.67
2025-07-28,11.55,11.63,11.8,11.33,567968.84
2025-07-29,11.6,11.86,11.87,11.43,566493.6
2025-07-30,11.76,11.62,11.97,11.6,553744.59
2025-07-31,11.53,11.06,11.64,10.94,960987.29
2025-08-01,11.05,11.18,11.41,10.99,528177.78
2025-08-04,11.05,11.09,11.1,10.92,381190.63
2025-08-05,11.09,11.2,11.24,11.02,366209.87
2025-08-06,11.13,11.21,11.36,11.02,382441.12
2025-08-07,11.21,11.03,11.31,10.99,393912.52
2025-08-08,11.01,10.96,11.13,10.94,403106.37
2025-08-11,10.97,11.25,11.33,10.93,541745.81
2025-08-12,11.24,11.06,11.29,11.01,444293.58
2025-08-13,11.07,11.14,11.24,11.01,385233.57
2025-08-14,11.12,10.85,11.14,10.77,474852.38
2025-08-15,10.81,11.64,11.74,10.8,1410947.5
2025-08-18,11.75,12.03,12.18,11.74,1124299.63
2025-08-19,11.99,11.89,12.08,11.8,619040.0
2025-08-20,12.26,12.11,12.36,11.85,1022368.39
2025-08-21,12.01,12.15,12.23,11.96,602157.53
2025-08-22,12.06,12.27,12.3,11.98,583501.36
2025-08-25,12.3,12.64,12.87,12.25,980266.35
2025-08-26,12.58,12.53,12.84,12.49,596247.7
2025-08-27,12.51,12.11,12.72,12.1,682319.32
2025-08-28,12.1,12.47,12.5,12.0,732829.06
2025-08-29,12.44,12.66,13.08,12.42,1037574.2
2025-09-01,12.62,12.72,12.8,12.33,658132.06
2025-09-02,12.68,12.24,12.85,12.2,579229.66
2025-09-03,12.37,12.5,12.68,12.15,906597.87
2025-09-04,12.55,13.5,13.75,12.55,2222636.89
2025-09-05,13.25,14.01,14.05,13.22,1835442.39
2025-09-08,14.07,14.22,14.3,13.76,1225169.87
2025-09-09,14.09,13.59,14.28,13.47,967897.48
2025-09-10,13.42,13.25,13.51,12.76,946626.38
2025-09-11,13.14,13.34,13.39,13.1,551652.16
2025-09-12,13.3,13.29,13.42,13.17,471987.32
2025-09-15,13.21,13.26,13.76,13.2,674442.58
2025-09-16,13.38,13.63,13.84,13.14,706147.41
2025-09-17,13.48,13.72,13.9,13.31,622525.89
2025-09-18,13.53,12.96,13.59,12.8,919084.03
2025-09-19,12.9,12.82,12.94,12.7,496481.03
2025-09-22,12.76,12.39,12.79,12.25,593630.6
2025-09-23,12.36,12.18,12.45,11.9,511852.58
2025-09-24,12.1,12.74,12.79,12.03,633324.92
2025-09-25,12.65,12.86,13.19,12.61,709827.52
2025-09-26,12.79,12.81,13.02,12.65,432867.59
2025-09-29,12.77,13.0,13.27,12.77,576228.18
2025-09-30,13.0,13.14,13.25,12.94,414979.73
